detected_at,season,round,team,player,severity,flag_type,reason,source_name,source_url,next_game,opponent,kickoff_local,market_note
2026-05-11T01:02:08.929466+00:00,2026,11,Brisbane Broncos,Kotoni Staggs,HIGH,SUSPENSION,"Kotoni Staggs (suspended, Round 12)",NRL Casualty Ward,https://www.nrl.com/news/2026/01/01/nrl-casualty-ward-how-your-club-is-shaping-heading-into-2026/,Manly-Warringah Sea Eagles v Brisbane Broncos,Manly-Warringah Sea Eagles,2026-05-09T19:35:00+10:00,Brisbane Broncos negative suspension flag: Kotoni Staggs. Watch Manly-Warringah Sea Eagles v Brisbane Broncos odds.
2026-05-11T01:02:08.929466+00:00,2026,11,Brisbane Broncos,Payne Haas,HIGH,WATCH,"Payne Haas (knee, Round 14-15)",NRL Casualty Ward,https://www.nrl.com/news/2026/01/01/nrl-casualty-ward-how-your-club-is-shaping-heading-into-2026/,Manly-Warringah Sea Eagles v Brisbane Broncos,Manly-Warringah Sea Eagles,2026-05-09T19:35:00+10:00,Brisbane Broncos negative watch flag: Payne Haas. Watch Manly-Warringah Sea Eagles v Brisbane Broncos odds.
2026-05-11T01:02:08.929466+00:00,2026,11,Brisbane Broncos,Adam Reynolds,HIGH,HIA,"Adam Reynolds (head knock, TBC)",NRL Casualty Ward,https://www.nrl.com/news/2026/01/01/nrl-casualty-ward-how-your-club-is-shaping-heading-into-2026/,Manly-Warringah Sea Eagles v Brisbane Broncos,Manly-Warringah Sea Eagles,2026-05-09T19:35:00+10:00,Brisbane Broncos negative hia flag: Adam Reynolds. Watch Manly-Warringah Sea Eagles v Brisbane Broncos odds.
2026-05-11T01:02:08.929466+00:00,2026,11,Brisbane Broncos,Billy Walters,HIGH,INJURY,"Billy Walters (ACL, TBC)",NRL Casualty Ward,https://www.nrl.com/news/2026/01/01/nrl-casualty-ward-how-your-club-is-shaping-heading-into-2026/,Manly-Warringah Sea Eagles v Brisbane Broncos,Manly-Warringah Sea Eagles,2026-05-09T19:35:00+10:00,Brisbane Broncos negative injury flag: Billy Walters. Watch Manly-Warringah Sea Eagles v Brisbane Broncos odds.
2026-05-11T01:02:08.929466+00:00,2026,11,Cronulla-Sutherland Sharks,Ronaldo Mulitalo,HIGH,INJURY,"Ronaldo Mulitalo (ACL, Round 11-12)",NRL Casualty Ward,https://www.nrl.com/news/2026/01/01/nrl-casualty-ward-how-your-club-is-shaping-heading-into-2026/,South Sydney Rabbitohs v Cronulla-Sutherland Sharks,South Sydney Rabbitohs,2026-05-09T17:30:00+10:00,Cronulla-Sutherland Sharks negative injury flag: Ronaldo Mulitalo. Watch South Sydney Rabbitohs v Cronulla-Sutherland Sharks odds.
2026-05-11T01:02:08.929466+00:00,2026,11,Gold Coast Titans,Brock Gray,HIGH,INJURY,"Brock Gray (ACL, TBC)",NRL Casualty Ward,https://www.nrl.com/news/2026/01/01/nrl-casualty-ward-how-your-club-is-shaping-heading-into-2026/,Sydney Roosters v Gold Coast Titans,Sydney Roosters,2026-05-08T18:00:00+10:00,Gold Coast Titans negative injury flag: Brock Gray. Watch Sydney Roosters v Gold Coast Titans odds.
2026-05-11T01:02:08.929466+00:00,2026,11,Manly-Warringah Sea Eagles,Jamal Fogarty,HIGH,WATCH,"Jamal Fogarty (groin, Round 11)",NRL Casualty Ward,https://www.nrl.com/news/2026/01/01/nrl-casualty-ward-how-your-club-is-shaping-heading-into-2026/,Manly-Warringah Sea Eagles v Brisbane Broncos,Brisbane Broncos,2026-05-09T19:35:00+10:00,Manly-Warringah Sea Eagles negative watch flag: Jamal Fogarty. Watch Manly-Warringah Sea Eagles v Brisbane Broncos odds.
2026-05-11T01:02:08.929466+00:00,2026,11,Manly-Warringah Sea Eagles,Tom Trbojevic,HIGH,WATCH,"Tom Trbojevic (hamstring, Round 13-15)",NRL Casualty Ward,https://www.nrl.com/news/2026/01/01/nrl-casualty-ward-how-your-club-is-shaping-heading-into-2026/,Manly-Warringah Sea Eagles v Brisbane Broncos,Brisbane Broncos,2026-05-09T19:35:00+10:00,Manly-Warringah Sea Eagles negative watch flag: Tom Trbojevic. Watch Manly-Warringah Sea Eagles v Brisbane Broncos odds.
2026-05-11T01:02:08.929466+00:00,2026,11,Parramatta Eels,Jonah Pezet,HIGH,SUSPENSION,"Jonah Pezet (NSW Cup suspension, Round 11)",NRL Casualty Ward,https://www.nrl.com/news/2026/01/01/nrl-casualty-ward-how-your-club-is-shaping-heading-into-2026/,North Queensland Cowboys v Parramatta Eels,North Queensland Cowboys,2026-05-08T20:00:00+10:00,Parramatta Eels negative suspension flag: Jonah Pezet. Watch North Queensland Cowboys v Parramatta Eels odds.
2026-05-11T01:02:08.929466+00:00,2026,11,Parramatta Eels,J'maine Hopgood,HIGH,INJURY,"J'maine Hopgood (ACL, 2027)",NRL Casualty Ward,https://www.nrl.com/news/2026/01/01/nrl-casualty-ward-how-your-club-is-shaping-heading-into-2026/,North Queensland Cowboys v Parramatta Eels,North Queensland Cowboys,2026-05-08T20:00:00+10:00,Parramatta Eels negative injury flag: J'maine Hopgood. Watch North Queensland Cowboys v Parramatta Eels odds.
2026-05-11T01:02:08.929466+00:00,2026,11,Parramatta Eels,Matt Doorey,HIGH,INJURY,"Matt Doorey (ACL, 2027)",NRL Casualty Ward,https://www.nrl.com/news/2026/01/01/nrl-casualty-ward-how-your-club-is-shaping-heading-into-2026/,North Queensland Cowboys v Parramatta Eels,North Queensland Cowboys,2026-05-08T20:00:00+10:00,Parramatta Eels negative injury flag: Matt Doorey. Watch North Queensland Cowboys v Parramatta Eels odds.
2026-05-11T01:02:08.929466+00:00,2026,11,Penrith Panthers,Jack Cogger,HIGH,SUSPENSION,"Jack Cogger (suspended, Round 11)",NRL Casualty Ward,https://www.nrl.com/news/2026/01/01/nrl-casualty-ward-how-your-club-is-shaping-heading-into-2026/,Canberra Raiders v Penrith Panthers,Canberra Raiders,2026-05-10T16:05:00+10:00,Penrith Panthers negative suspension flag: Jack Cogger. Watch Canberra Raiders v Penrith Panthers odds.
2026-05-11T01:02:08.929466+00:00,2026,11,South Sydney Rabbitohs,David Fifita,HIGH,WATCH,"David Fifita (hamstring, Round 12)",NRL Casualty Ward,https://www.nrl.com/news/2026/01/01/nrl-casualty-ward-how-your-club-is-shaping-heading-into-2026/,South Sydney Rabbitohs v Cronulla-Sutherland Sharks,Cronulla-Sutherland Sharks,2026-05-09T17:30:00+10:00,South Sydney Rabbitohs negative watch flag: David Fifita. Watch South Sydney Rabbitohs v Cronulla-Sutherland Sharks odds.
2026-05-11T01:02:08.929466+00:00,2026,11,South Sydney Rabbitohs,Isaiah Tass,HIGH,INJURY,"Isaiah Tass (ACL,TBC)",NRL Casualty Ward,https://www.nrl.com/news/2026/01/01/nrl-casualty-ward-how-your-club-is-shaping-heading-into-2026/,South Sydney Rabbitohs v Cronulla-Sutherland Sharks,Cronulla-Sutherland Sharks,2026-05-09T17:30:00+10:00,South Sydney Rabbitohs negative injury flag: Isaiah Tass. Watch South Sydney Rabbitohs v Cronulla-Sutherland Sharks odds.
2026-05-11T01:02:08.929466+00:00,2026,11,St. George Illawarra Dragons,Luciano Leilua,HIGH,SUSPENSION,"Luciano Leilua (suspended, Round 11)",NRL Casualty Ward,https://www.nrl.com/news/2026/01/01/nrl-casualty-ward-how-your-club-is-shaping-heading-into-2026/,St. George Illawarra Dragons v Newcastle Knights,Newcastle Knights,2026-05-09T15:00:00+10:00,St. George Illawarra Dragons negative suspension flag: Luciano Leilua. Watch St. George Illawarra Dragons v Newcastle Knights odds.
2026-05-11T01:02:08.929466+00:00,2026,11,St. George Illawarra Dragons,Jaydn Su'A,HIGH,SUSPENSION,"Jaydn Su'A (suspended, Round 12)",NRL Casualty Ward,https://www.nrl.com/news/2026/01/01/nrl-casualty-ward-how-your-club-is-shaping-heading-into-2026/,St. George Illawarra Dragons v Newcastle Knights,Newcastle Knights,2026-05-09T15:00:00+10:00,St. George Illawarra Dragons negative suspension flag: Jaydn Su'A. Watch St. George Illawarra Dragons v Newcastle Knights odds.
2026-05-11T01:02:08.929466+00:00,2026,11,St. George Illawarra Dragons,Connor Muhleisen,HIGH,INJURY,"Connor Muhleisen (ACL, TBC)",NRL Casualty Ward,https://www.nrl.com/news/2026/01/01/nrl-casualty-ward-how-your-club-is-shaping-heading-into-2026/,St. George Illawarra Dragons v Newcastle Knights,Newcastle Knights,2026-05-09T15:00:00+10:00,St. George Illawarra Dragons negative injury flag: Connor Muhleisen. Watch St. George Illawarra Dragons v Newcastle Knights odds.
2026-05-11T01:02:08.929466+00:00,2026,11,Wests Tigers,Api Koroisau,HIGH,SUSPENSION,"Api Koroisau (suspended, Round 13)",NRL Casualty Ward,https://www.nrl.com/news/2026/01/01/nrl-casualty-ward-how-your-club-is-shaping-heading-into-2026/,Melbourne Storm v Wests Tigers,Melbourne Storm,2026-05-10T14:00:00+10:00,Wests Tigers negative suspension flag: Api Koroisau. Watch Melbourne Storm v Wests Tigers odds.
2026-05-11T01:02:08.929466+00:00,2026,11,New Zealand Warriors,James Fisher-Harris,HIGH,SUSPENSION,"James Fisher-Harris (Round 11, Careless High Tackle – suspended 1 match)",NRL Judiciary Report,https://www.nrl.com/news/2026/01/01/nrl-judiciary-report-2026/,,,,New Zealand Warriors negative suspension flag: James Fisher-Harris. Watch next game odds.
2026-05-11T01:02:08.929466+00:00,2026,11,Canberra Raiders,Josh Papali'i,HIGH,SUSPENSION,"Josh Papali'i (Round 11, Dangerous Contact – suspended 1 game)",NRL Judiciary Report,https://www.nrl.com/news/2026/01/01/nrl-judiciary-report-2026/,Canberra Raiders v Penrith Panthers,Penrith Panthers,2026-05-10T16:05:00+10:00,Canberra Raiders negative suspension flag: Josh Papali'i. Watch Canberra Raiders v Penrith Panthers odds.
2026-05-11T01:02:08.929466+00:00,2026,11,Wests Tigers,Brent Naden,HIGH,SUSPENSION,"Brent Naden (Round 11, Dangerous Contact – suspended 1 game)",NRL Judiciary Report,https://www.nrl.com/news/2026/01/01/nrl-judiciary-report-2026/,Melbourne Storm v Wests Tigers,Melbourne Storm,2026-05-10T14:00:00+10:00,Wests Tigers negative suspension flag: Brent Naden. Watch Melbourne Storm v Wests Tigers odds.
2026-05-11T01:02:08.929466+00:00,2026,11,Wests Tigers,Justin Olam,HIGH,SUSPENSION,"Justin Olam (Round 11, Dangerous Contact – suspended 1 game)",NRL Judiciary Report,https://www.nrl.com/news/2026/01/01/nrl-judiciary-report-2026/,Melbourne Storm v Wests Tigers,Melbourne Storm,2026-05-10T14:00:00+10:00,Wests Tigers negative suspension flag: Justin Olam. Watch Melbourne Storm v Wests Tigers odds.
2026-05-11T01:02:08.929466+00:00,2026,11,Canterbury-Bankstown Bulldogs,Captain Critta Goes,HIGH,WATCH,Captain Critta Goes Over Untouched!,Canterbury-Bankstown Bulldogs News,https://www.bulldogs.com.au/news/,Dolphins v Canterbury-Bankstown Bulldogs,Dolphins,2026-05-07T19:50:00+10:00,Canterbury-Bankstown Bulldogs negative watch flag: Captain Critta Goes. Watch Dolphins v Canterbury-Bankstown Bulldogs odds.
2026-05-11T01:02:08.929466+00:00,2026,11,Cronulla-Sutherland Sharks,,HIGH,AVAILABILITY,Ellie in for game 2 – Tiana ruled out with injury,Cronulla-Sutherland Sharks News,https://www.sharks.com.au/news/,South Sydney Rabbitohs v Cronulla-Sutherland Sharks,South Sydney Rabbitohs,2026-05-09T17:30:00+10:00,Cronulla-Sutherland Sharks negative availability flag: player. Watch South Sydney Rabbitohs v Cronulla-Sutherland Sharks odds.
2026-05-11T01:02:08.929466+00:00,2026,11,Gold Coast Titans,,HIGH,WATCH,Inspirational captain Hale extends to '28,Gold Coast Titans News,https://www.titans.com.au/news/,Sydney Roosters v Gold Coast Titans,Sydney Roosters,2026-05-08T18:00:00+10:00,Gold Coast Titans negative watch flag: player. Watch Sydney Roosters v Gold Coast Titans odds.
2026-05-11T01:02:08.929466+00:00,2026,11,Brisbane Broncos,Jack Gosiewski,MEDIUM,HIA,"Jack Gosiewski (head knock, TBC)",NRL Casualty Ward,https://www.nrl.com/news/2026/01/01/nrl-casualty-ward-how-your-club-is-shaping-heading-into-2026/,Manly-Warringah Sea Eagles v Brisbane Broncos,Manly-Warringah Sea Eagles,2026-05-09T19:35:00+10:00,Brisbane Broncos negative hia flag: Jack Gosiewski. Watch Manly-Warringah Sea Eagles v Brisbane Broncos odds.
2026-05-11T01:02:08.929466+00:00,2026,11,Brisbane Broncos,Josiah Karapani,MEDIUM,AVAILABILITY,"Josiah Karapani (foot, TBC)",NRL Casualty Ward,https://www.nrl.com/news/2026/01/01/nrl-casualty-ward-how-your-club-is-shaping-heading-into-2026/,Manly-Warringah Sea Eagles v Brisbane Broncos,Manly-Warringah Sea Eagles,2026-05-09T19:35:00+10:00,Brisbane Broncos negative availability flag: Josiah Karapani. Watch Manly-Warringah Sea Eagles v Brisbane Broncos odds.
2026-05-11T01:02:08.929466+00:00,2026,11,Brisbane Broncos,Deine Mariner,MEDIUM,AVAILABILITY,"Deine Mariner (thigh, TBC)",NRL Casualty Ward,https://www.nrl.com/news/2026/01/01/nrl-casualty-ward-how-your-club-is-shaping-heading-into-2026/,Manly-Warringah Sea Eagles v Brisbane Broncos,Manly-Warringah Sea Eagles,2026-05-09T19:35:00+10:00,Brisbane Broncos negative availability flag: Deine Mariner. Watch Manly-Warringah Sea Eagles v Brisbane Broncos odds.
2026-05-11T01:02:08.929466+00:00,2026,11,Brisbane Broncos,Brendan Piakura,MEDIUM,AVAILABILITY,"Brendan Piakura (knee, TBC)",NRL Casualty Ward,https://www.nrl.com/news/2026/01/01/nrl-casualty-ward-how-your-club-is-shaping-heading-into-2026/,Manly-Warringah Sea Eagles v Brisbane Broncos,Manly-Warringah Sea Eagles,2026-05-09T19:35:00+10:00,Brisbane Broncos negative availability flag: Brendan Piakura. Watch Manly-Warringah Sea Eagles v Brisbane Broncos odds.
2026-05-11T01:02:08.929466+00:00,2026,11,Brisbane Broncos,Corey Jensen,MEDIUM,AVAILABILITY,"Corey Jensen (pulmonary embolism, TBC)",NRL Casualty Ward,https://www.nrl.com/news/2026/01/01/nrl-casualty-ward-how-your-club-is-shaping-heading-into-2026/,Manly-Warringah Sea Eagles v Brisbane Broncos,Manly-Warringah Sea Eagles,2026-05-09T19:35:00+10:00,Brisbane Broncos negative availability flag: Corey Jensen. Watch Manly-Warringah Sea Eagles v Brisbane Broncos odds.
2026-05-11T01:02:08.929466+00:00,2026,11,Canberra Raiders,Simi Sasagi,MEDIUM,AVAILABILITY,"Simi Sasagi (shoulder, TBC)",NRL Casualty Ward,https://www.nrl.com/news/2026/01/01/nrl-casualty-ward-how-your-club-is-shaping-heading-into-2026/,Canberra Raiders v Penrith Panthers,Penrith Panthers,2026-05-10T16:05:00+10:00,Canberra Raiders negative availability flag: Simi Sasagi. Watch Canberra Raiders v Penrith Panthers odds.
2026-05-11T01:02:08.929466+00:00,2026,11,Canberra Raiders,Zac Hosking,MEDIUM,HIA,"Zac Hosking (concussion, TBC)",NRL Casualty Ward,https://www.nrl.com/news/2026/01/01/nrl-casualty-ward-how-your-club-is-shaping-heading-into-2026/,Canberra Raiders v Penrith Panthers,Penrith Panthers,2026-05-10T16:05:00+10:00,Canberra Raiders negative hia flag: Zac Hosking. Watch Canberra Raiders v Penrith Panthers odds.
2026-05-11T01:02:08.929466+00:00,2026,11,Canberra Raiders,Noah Martin,MEDIUM,AVAILABILITY,"Noah Martin (ankle, TBC)",NRL Casualty Ward,https://www.nrl.com/news/2026/01/01/nrl-casualty-ward-how-your-club-is-shaping-heading-into-2026/,Canberra Raiders v Penrith Panthers,Penrith Panthers,2026-05-10T16:05:00+10:00,Canberra Raiders negative availability flag: Noah Martin. Watch Canberra Raiders v Penrith Panthers odds.
2026-05-11T01:02:08.929466+00:00,2026,11,Canberra Raiders,Matty Nicholson,MEDIUM,AVAILABILITY,"Matty Nicholson (shoulder, TBC)",NRL Casualty Ward,https://www.nrl.com/news/2026/01/01/nrl-casualty-ward-how-your-club-is-shaping-heading-into-2026/,Canberra Raiders v Penrith Panthers,Penrith Panthers,2026-05-10T16:05:00+10:00,Canberra Raiders negative availability flag: Matty Nicholson. Watch Canberra Raiders v Penrith Panthers odds.
2026-05-11T01:02:08.929466+00:00,2026,11,Canterbury-Bankstown Bulldogs,Jacob Kiraz,MEDIUM,WATCH,"Jacob Kiraz (knee, Round 12)",NRL Casualty Ward,https://www.nrl.com/news/2026/01/01/nrl-casualty-ward-how-your-club-is-shaping-heading-into-2026/,Dolphins v Canterbury-Bankstown Bulldogs,Dolphins,2026-05-07T19:50:00+10:00,Canterbury-Bankstown Bulldogs negative watch flag: Jacob Kiraz. Watch Dolphins v Canterbury-Bankstown Bulldogs odds.
2026-05-11T01:02:08.929466+00:00,2026,11,Canterbury-Bankstown Bulldogs,Max King,MEDIUM,AVAILABILITY,"Max King (jaw, TBC)",NRL Casualty Ward,https://www.nrl.com/news/2026/01/01/nrl-casualty-ward-how-your-club-is-shaping-heading-into-2026/,Dolphins v Canterbury-Bankstown Bulldogs,Dolphins,2026-05-07T19:50:00+10:00,Canterbury-Bankstown Bulldogs negative availability flag: Max King. Watch Dolphins v Canterbury-Bankstown Bulldogs odds.
2026-05-11T01:02:08.929466+00:00,2026,11,Canterbury-Bankstown Bulldogs,Mitchell Woods,MEDIUM,AVAILABILITY,"Mitchell Woods (hamstring, TBC)",NRL Casualty Ward,https://www.nrl.com/news/2026/01/01/nrl-casualty-ward-how-your-club-is-shaping-heading-into-2026/,Dolphins v Canterbury-Bankstown Bulldogs,Dolphins,2026-05-07T19:50:00+10:00,Canterbury-Bankstown Bulldogs negative availability flag: Mitchell Woods. Watch Dolphins v Canterbury-Bankstown Bulldogs odds.
2026-05-11T01:02:08.929466+00:00,2026,11,Canterbury-Bankstown Bulldogs,Kurt Mann,MEDIUM,HIA,"Kurt Mann (head knock, TBC)",NRL Casualty Ward,https://www.nrl.com/news/2026/01/01/nrl-casualty-ward-how-your-club-is-shaping-heading-into-2026/,Dolphins v Canterbury-Bankstown Bulldogs,Dolphins,2026-05-07T19:50:00+10:00,Canterbury-Bankstown Bulldogs negative hia flag: Kurt Mann. Watch Dolphins v Canterbury-Bankstown Bulldogs odds.
2026-05-11T01:02:08.929466+00:00,2026,11,Canterbury-Bankstown Bulldogs,Jake Turpin,MEDIUM,AVAILABILITY,"Jake Turpin (biceps, TBC)",NRL Casualty Ward,https://www.nrl.com/news/2026/01/01/nrl-casualty-ward-how-your-club-is-shaping-heading-into-2026/,Dolphins v Canterbury-Bankstown Bulldogs,Dolphins,2026-05-07T19:50:00+10:00,Canterbury-Bankstown Bulldogs negative availability flag: Jake Turpin. Watch Dolphins v Canterbury-Bankstown Bulldogs odds.
2026-05-11T01:02:08.929466+00:00,2026,11,Cronulla-Sutherland Sharks,Blayke Brailey,MEDIUM,HIA,"Blayke Brailey (head knock, TBC)",NRL Casualty Ward,https://www.nrl.com/news/2026/01/01/nrl-casualty-ward-how-your-club-is-shaping-heading-into-2026/,South Sydney Rabbitohs v Cronulla-Sutherland Sharks,South Sydney Rabbitohs,2026-05-09T17:30:00+10:00,Cronulla-Sutherland Sharks negative hia flag: Blayke Brailey. Watch South Sydney Rabbitohs v Cronulla-Sutherland Sharks odds.
2026-05-11T01:02:08.929466+00:00,2026,11,Cronulla-Sutherland Sharks,Jesse Ramien,MEDIUM,WATCH,"Jesse Ramien (knee, Round 11)",NRL Casualty Ward,https://www.nrl.com/news/2026/01/01/nrl-casualty-ward-how-your-club-is-shaping-heading-into-2026/,South Sydney Rabbitohs v Cronulla-Sutherland Sharks,South Sydney Rabbitohs,2026-05-09T17:30:00+10:00,Cronulla-Sutherland Sharks negative watch flag: Jesse Ramien. Watch South Sydney Rabbitohs v Cronulla-Sutherland Sharks odds.
2026-05-11T01:02:08.929466+00:00,2026,11,Dolphins,Francis Molo,MEDIUM,AVAILABILITY,"Francis Molo (ankle, TBC)",NRL Casualty Ward,https://www.nrl.com/news/2026/01/01/nrl-casualty-ward-how-your-club-is-shaping-heading-into-2026/,Dolphins v Canterbury-Bankstown Bulldogs,Canterbury-Bankstown Bulldogs,2026-05-07T19:50:00+10:00,Dolphins negative availability flag: Francis Molo. Watch Dolphins v Canterbury-Bankstown Bulldogs odds.
2026-05-11T01:02:08.929466+00:00,2026,11,Dolphins,Kurt Donoghoe,MEDIUM,WATCH,"Kurt Donoghoe (hamstring, Round 11)",NRL Casualty Ward,https://www.nrl.com/news/2026/01/01/nrl-casualty-ward-how-your-club-is-shaping-heading-into-2026/,Dolphins v Canterbury-Bankstown Bulldogs,Canterbury-Bankstown Bulldogs,2026-05-07T19:50:00+10:00,Dolphins negative watch flag: Kurt Donoghoe. Watch Dolphins v Canterbury-Bankstown Bulldogs odds.
2026-05-11T01:02:08.929466+00:00,2026,11,Gold Coast Titans,Tuki Simpkins,MEDIUM,WATCH,"Tuki Simpkins (knee, Round 12)",NRL Casualty Ward,https://www.nrl.com/news/2026/01/01/nrl-casualty-ward-how-your-club-is-shaping-heading-into-2026/,Sydney Roosters v Gold Coast Titans,Sydney Roosters,2026-05-08T18:00:00+10:00,Gold Coast Titans negative watch flag: Tuki Simpkins. Watch Sydney Roosters v Gold Coast Titans odds.
2026-05-11T01:02:08.929466+00:00,2026,11,Gold Coast Titans,Siale Faeamani,MEDIUM,WATCH,"Siale Faeamani (knee, Round 13-14)",NRL Casualty Ward,https://www.nrl.com/news/2026/01/01/nrl-casualty-ward-how-your-club-is-shaping-heading-into-2026/,Sydney Roosters v Gold Coast Titans,Sydney Roosters,2026-05-08T18:00:00+10:00,Gold Coast Titans negative watch flag: Siale Faeamani. Watch Sydney Roosters v Gold Coast Titans odds.
2026-05-11T01:02:08.929466+00:00,2026,11,Gold Coast Titans,Jaimin Jolliffe,MEDIUM,WATCH,"Jaimin Jolliffe (knee, 2027)",NRL Casualty Ward,https://www.nrl.com/news/2026/01/01/nrl-casualty-ward-how-your-club-is-shaping-heading-into-2026/,Sydney Roosters v Gold Coast Titans,Sydney Roosters,2026-05-08T18:00:00+10:00,Gold Coast Titans negative watch flag: Jaimin Jolliffe. Watch Sydney Roosters v Gold Coast Titans odds.
2026-05-11T01:02:08.929466+00:00,2026,11,Manly-Warringah Sea Eagles,Siosiua Taukeiaho,MEDIUM,AVAILABILITY,"Siosiua Taukeiaho (leg, TBC)",NRL Casualty Ward,https://www.nrl.com/news/2026/01/01/nrl-casualty-ward-how-your-club-is-shaping-heading-into-2026/,Manly-Warringah Sea Eagles v Brisbane Broncos,Brisbane Broncos,2026-05-09T19:35:00+10:00,Manly-Warringah Sea Eagles negative availability flag: Siosiua Taukeiaho. Watch Manly-Warringah Sea Eagles v Brisbane Broncos odds.
2026-05-11T01:02:08.929466+00:00,2026,11,Manly-Warringah Sea Eagles,Kobe Hetherington,MEDIUM,HIA,"Kobe Hetherington (head knock, TBC)",NRL Casualty Ward,https://www.nrl.com/news/2026/01/01/nrl-casualty-ward-how-your-club-is-shaping-heading-into-2026/,Manly-Warringah Sea Eagles v Brisbane Broncos,Brisbane Broncos,2026-05-09T19:35:00+10:00,Manly-Warringah Sea Eagles negative hia flag: Kobe Hetherington. Watch Manly-Warringah Sea Eagles v Brisbane Broncos odds.
2026-05-11T01:02:08.929466+00:00,2026,11,Melbourne Storm,Sua Faalogo,MEDIUM,HIA,"Sua Faalogo (head knock, facial fracture, TBC)",NRL Casualty Ward,https://www.nrl.com/news/2026/01/01/nrl-casualty-ward-how-your-club-is-shaping-heading-into-2026/,Melbourne Storm v Wests Tigers,Wests Tigers,2026-05-10T14:00:00+10:00,Melbourne Storm negative hia flag: Sua Faalogo. Watch Melbourne Storm v Wests Tigers odds.
2026-05-11T01:02:08.929466+00:00,2026,11,Melbourne Storm,Marion Seve,MEDIUM,AVAILABILITY,"Marion Seve (triceps, TBC)",NRL Casualty Ward,https://www.nrl.com/news/2026/01/01/nrl-casualty-ward-how-your-club-is-shaping-heading-into-2026/,Melbourne Storm v Wests Tigers,Wests Tigers,2026-05-10T14:00:00+10:00,Melbourne Storm negative availability flag: Marion Seve. Watch Melbourne Storm v Wests Tigers odds.
2026-05-11T01:02:08.929466+00:00,2026,11,Melbourne Storm,Tui Kamikamica,MEDIUM,AVAILABILITY,"Tui Kamikamica (medical episode, TBC)",NRL Casualty Ward,https://www.nrl.com/news/2026/01/01/nrl-casualty-ward-how-your-club-is-shaping-heading-into-2026/,Melbourne Storm v Wests Tigers,Wests Tigers,2026-05-10T14:00:00+10:00,Melbourne Storm negative availability flag: Tui Kamikamica. Watch Melbourne Storm v Wests Tigers odds.
2026-05-11T01:02:08.929466+00:00,2026,11,Melbourne Storm,Alec MacDonald,MEDIUM,AVAILABILITY,"Alec MacDonald (hamstring, TBC)",NRL Casualty Ward,https://www.nrl.com/news/2026/01/01/nrl-casualty-ward-how-your-club-is-shaping-heading-into-2026/,Melbourne Storm v Wests Tigers,Wests Tigers,2026-05-10T14:00:00+10:00,Melbourne Storm negative availability flag: Alec MacDonald. Watch Melbourne Storm v Wests Tigers odds.
2026-05-11T01:02:08.929466+00:00,2026,11,Newcastle Knights,Thomas Cant,MEDIUM,WATCH,"Thomas Cant (calf, Round 11)",NRL Casualty Ward,https://www.nrl.com/news/2026/01/01/nrl-casualty-ward-how-your-club-is-shaping-heading-into-2026/,St. George Illawarra Dragons v Newcastle Knights,St. George Illawarra Dragons,2026-05-09T15:00:00+10:00,Newcastle Knights negative watch flag: Thomas Cant. Watch St. George Illawarra Dragons v Newcastle Knights odds.
2026-05-11T01:02:08.929466+00:00,2026,11,North Queensland Cowboys,Murray Taulagi,MEDIUM,HIA,"Murray Taulagi (concussion, Round 12-13)",NRL Casualty Ward,https://www.nrl.com/news/2026/01/01/nrl-casualty-ward-how-your-club-is-shaping-heading-into-2026/,North Queensland Cowboys v Parramatta Eels,Parramatta Eels,2026-05-08T20:00:00+10:00,North Queensland Cowboys negative hia flag: Murray Taulagi. Watch North Queensland Cowboys v Parramatta Eels odds.
2026-05-11T01:02:08.929466+00:00,2026,11,North Queensland Cowboys,Jeremiah Nanai,MEDIUM,WATCH,"Jeremiah Nanai (shoulder, Round 13)",NRL Casualty Ward,https://www.nrl.com/news/2026/01/01/nrl-casualty-ward-how-your-club-is-shaping-heading-into-2026/,North Queensland Cowboys v Parramatta Eels,Parramatta Eels,2026-05-08T20:00:00+10:00,North Queensland Cowboys negative watch flag: Jeremiah Nanai. Watch North Queensland Cowboys v Parramatta Eels odds.
2026-05-11T01:02:08.929466+00:00,2026,11,North Queensland Cowboys,John Bateman,MEDIUM,AVAILABILITY,"John Bateman (wrist / foot, TBC)",NRL Casualty Ward,https://www.nrl.com/news/2026/01/01/nrl-casualty-ward-how-your-club-is-shaping-heading-into-2026/,North Queensland Cowboys v Parramatta Eels,Parramatta Eels,2026-05-08T20:00:00+10:00,North Queensland Cowboys negative availability flag: John Bateman. Watch North Queensland Cowboys v Parramatta Eels odds.
2026-05-11T01:02:08.929466+00:00,2026,11,Parramatta Eels,Kitione Kautoga,MEDIUM,WATCH,"Kitione Kautoga (knee, Round 13)",NRL Casualty Ward,https://www.nrl.com/news/2026/01/01/nrl-casualty-ward-how-your-club-is-shaping-heading-into-2026/,North Queensland Cowboys v Parramatta Eels,North Queensland Cowboys,2026-05-08T20:00:00+10:00,Parramatta Eels negative watch flag: Kitione Kautoga. Watch North Queensland Cowboys v Parramatta Eels odds.
2026-05-11T01:02:08.929466+00:00,2026,11,Parramatta Eels,Isaiah Iongi,MEDIUM,WATCH,"Isaiah Iongi (ankle, Round 13)",NRL Casualty Ward,https://www.nrl.com/news/2026/01/01/nrl-casualty-ward-how-your-club-is-shaping-heading-into-2026/,North Queensland Cowboys v Parramatta Eels,North Queensland Cowboys,2026-05-08T20:00:00+10:00,Parramatta Eels negative watch flag: Isaiah Iongi. Watch North Queensland Cowboys v Parramatta Eels odds.
2026-05-11T01:02:08.929466+00:00,2026,11,Parramatta Eels,Sam Tuivaiti,MEDIUM,WATCH,"Sam Tuivaiti (shoulder, Round 13)",NRL Casualty Ward,https://www.nrl.com/news/2026/01/01/nrl-casualty-ward-how-your-club-is-shaping-heading-into-2026/,North Queensland Cowboys v Parramatta Eels,North Queensland Cowboys,2026-05-08T20:00:00+10:00,Parramatta Eels negative watch flag: Sam Tuivaiti. Watch North Queensland Cowboys v Parramatta Eels odds.
2026-05-11T01:02:08.929466+00:00,2026,11,Parramatta Eels,Bailey Simonsson,MEDIUM,AVAILABILITY,"Bailey Simonsson (ankle, TBC)",NRL Casualty Ward,https://www.nrl.com/news/2026/01/01/nrl-casualty-ward-how-your-club-is-shaping-heading-into-2026/,North Queensland Cowboys v Parramatta Eels,North Queensland Cowboys,2026-05-08T20:00:00+10:00,Parramatta Eels negative availability flag: Bailey Simonsson. Watch North Queensland Cowboys v Parramatta Eels odds.
2026-05-11T01:02:08.929466+00:00,2026,11,Parramatta Eels,Will Penisini,MEDIUM,AVAILABILITY,"Will Penisini (Osteitis Pubis, TBC)",NRL Casualty Ward,https://www.nrl.com/news/2026/01/01/nrl-casualty-ward-how-your-club-is-shaping-heading-into-2026/,North Queensland Cowboys v Parramatta Eels,North Queensland Cowboys,2026-05-08T20:00:00+10:00,Parramatta Eels negative availability flag: Will Penisini. Watch North Queensland Cowboys v Parramatta Eels odds.
2026-05-11T01:02:08.929466+00:00,2026,11,Penrith Panthers,Liam Martin,MEDIUM,AVAILABILITY,"Liam Martin (knee, TBC)",NRL Casualty Ward,https://www.nrl.com/news/2026/01/01/nrl-casualty-ward-how-your-club-is-shaping-heading-into-2026/,Canberra Raiders v Penrith Panthers,Canberra Raiders,2026-05-10T16:05:00+10:00,Penrith Panthers negative availability flag: Liam Martin. Watch Canberra Raiders v Penrith Panthers odds.
2026-05-11T01:02:08.929466+00:00,2026,11,South Sydney Rabbitohs,Jamie Humphreys,MEDIUM,WATCH,"Jamie Humphreys (knee, Round 12)",NRL Casualty Ward,https://www.nrl.com/news/2026/01/01/nrl-casualty-ward-how-your-club-is-shaping-heading-into-2026/,South Sydney Rabbitohs v Cronulla-Sutherland Sharks,Cronulla-Sutherland Sharks,2026-05-09T17:30:00+10:00,South Sydney Rabbitohs negative watch flag: Jamie Humphreys. Watch South Sydney Rabbitohs v Cronulla-Sutherland Sharks odds.
2026-05-11T01:02:08.929466+00:00,2026,11,South Sydney Rabbitohs,Brandon Smith,MEDIUM,AVAILABILITY,"Brandon Smith (calf, TBC)",NRL Casualty Ward,https://www.nrl.com/news/2026/01/01/nrl-casualty-ward-how-your-club-is-shaping-heading-into-2026/,South Sydney Rabbitohs v Cronulla-Sutherland Sharks,Cronulla-Sutherland Sharks,2026-05-09T17:30:00+10:00,South Sydney Rabbitohs negative availability flag: Brandon Smith. Watch South Sydney Rabbitohs v Cronulla-Sutherland Sharks odds.
2026-05-11T01:02:08.929466+00:00,2026,11,South Sydney Rabbitohs,Jai Arrow,MEDIUM,WATCH,"Jai Arrow (shoulder, indefinite)",NRL Casualty Ward,https://www.nrl.com/news/2026/01/01/nrl-casualty-ward-how-your-club-is-shaping-heading-into-2026/,South Sydney Rabbitohs v Cronulla-Sutherland Sharks,Cronulla-Sutherland Sharks,2026-05-09T17:30:00+10:00,South Sydney Rabbitohs negative watch flag: Jai Arrow. Watch South Sydney Rabbitohs v Cronulla-Sutherland Sharks odds.
2026-05-11T01:02:08.929466+00:00,2026,11,St. George Illawarra Dragons,Valentine Holmes,MEDIUM,AVAILABILITY,"Valentine Holmes (shoulder, TBC)",NRL Casualty Ward,https://www.nrl.com/news/2026/01/01/nrl-casualty-ward-how-your-club-is-shaping-heading-into-2026/,St. George Illawarra Dragons v Newcastle Knights,Newcastle Knights,2026-05-09T15:00:00+10:00,St. George Illawarra Dragons negative availability flag: Valentine Holmes. Watch St. George Illawarra Dragons v Newcastle Knights odds.
2026-05-11T01:02:08.929466+00:00,2026,11,St. George Illawarra Dragons,Mat Feagai,MEDIUM,AVAILABILITY,"Mat Feagai (back, TBC)",NRL Casualty Ward,https://www.nrl.com/news/2026/01/01/nrl-casualty-ward-how-your-club-is-shaping-heading-into-2026/,St. George Illawarra Dragons v Newcastle Knights,Newcastle Knights,2026-05-09T15:00:00+10:00,St. George Illawarra Dragons negative availability flag: Mat Feagai. Watch St. George Illawarra Dragons v Newcastle Knights odds.
2026-05-11T01:02:08.929466+00:00,2026,11,St. George Illawarra Dragons,Daniel Atkinson,MEDIUM,AVAILABILITY,"Daniel Atkinson (hand, TBC)",NRL Casualty Ward,https://www.nrl.com/news/2026/01/01/nrl-casualty-ward-how-your-club-is-shaping-heading-into-2026/,St. George Illawarra Dragons v Newcastle Knights,Newcastle Knights,2026-05-09T15:00:00+10:00,St. George Illawarra Dragons negative availability flag: Daniel Atkinson. Watch St. George Illawarra Dragons v Newcastle Knights odds.
2026-05-11T01:02:08.929466+00:00,2026,11,St. George Illawarra Dragons,Jacob Liddle,MEDIUM,WATCH,"Jacob Liddle (hamstring, Round 11)",NRL Casualty Ward,https://www.nrl.com/news/2026/01/01/nrl-casualty-ward-how-your-club-is-shaping-heading-into-2026/,St. George Illawarra Dragons v Newcastle Knights,Newcastle Knights,2026-05-09T15:00:00+10:00,St. George Illawarra Dragons negative watch flag: Jacob Liddle. Watch St. George Illawarra Dragons v Newcastle Knights odds.
2026-05-11T01:02:08.929466+00:00,2026,11,St. George Illawarra Dragons,Nick Tsougranis,MEDIUM,WATCH,"Nick Tsougranis (ankle, Round 11-12)",NRL Casualty Ward,https://www.nrl.com/news/2026/01/01/nrl-casualty-ward-how-your-club-is-shaping-heading-into-2026/,St. George Illawarra Dragons v Newcastle Knights,Newcastle Knights,2026-05-09T15:00:00+10:00,St. George Illawarra Dragons negative watch flag: Nick Tsougranis. Watch St. George Illawarra Dragons v Newcastle Knights odds.
2026-05-11T01:02:08.929466+00:00,2026,11,Sydney Roosters,Tommy Talau,MEDIUM,WATCH,"Tommy Talau (calf, Round 11)",NRL Casualty Ward,https://www.nrl.com/news/2026/01/01/nrl-casualty-ward-how-your-club-is-shaping-heading-into-2026/,Sydney Roosters v Gold Coast Titans,Gold Coast Titans,2026-05-08T18:00:00+10:00,Sydney Roosters negative watch flag: Tommy Talau. Watch Sydney Roosters v Gold Coast Titans odds.
2026-05-11T01:02:08.929466+00:00,2026,11,Sydney Roosters,Lindsay Collins,MEDIUM,HIA,"Lindsay Collins (head knock, Round 11)",NRL Casualty Ward,https://www.nrl.com/news/2026/01/01/nrl-casualty-ward-how-your-club-is-shaping-heading-into-2026/,Sydney Roosters v Gold Coast Titans,Gold Coast Titans,2026-05-08T18:00:00+10:00,Sydney Roosters negative hia flag: Lindsay Collins. Watch Sydney Roosters v Gold Coast Titans odds.
2026-05-11T01:02:08.929466+00:00,2026,11,Sydney Roosters,Billy Smith,MEDIUM,AVAILABILITY,"Billy Smith (knee, TBC)",NRL Casualty Ward,https://www.nrl.com/news/2026/01/01/nrl-casualty-ward-how-your-club-is-shaping-heading-into-2026/,Sydney Roosters v Gold Coast Titans,Gold Coast Titans,2026-05-08T18:00:00+10:00,Sydney Roosters negative availability flag: Billy Smith. Watch Sydney Roosters v Gold Coast Titans odds.
2026-05-11T01:02:08.929466+00:00,2026,11,Sydney Roosters,Rex Bassingthwaighte,MEDIUM,AVAILABILITY,"Rex Bassingthwaighte (wrist, TBC)",NRL Casualty Ward,https://www.nrl.com/news/2026/01/01/nrl-casualty-ward-how-your-club-is-shaping-heading-into-2026/,Sydney Roosters v Gold Coast Titans,Gold Coast Titans,2026-05-08T18:00:00+10:00,Sydney Roosters negative availability flag: Rex Bassingthwaighte. Watch Sydney Roosters v Gold Coast Titans odds.
2026-05-11T01:02:08.929466+00:00,2026,11,Sydney Roosters,Blake Steep,MEDIUM,WATCH,"Blake Steep (knee, 2027)",NRL Casualty Ward,https://www.nrl.com/news/2026/01/01/nrl-casualty-ward-how-your-club-is-shaping-heading-into-2026/,Sydney Roosters v Gold Coast Titans,Gold Coast Titans,2026-05-08T18:00:00+10:00,Sydney Roosters negative watch flag: Blake Steep. Watch Sydney Roosters v Gold Coast Titans odds.
2026-05-11T01:02:08.929466+00:00,2026,11,New Zealand Warriors,Tanner Stowers-Smith,MEDIUM,WATCH,"Tanner Stowers-Smith (hamstring, Round 11)",NRL Casualty Ward,https://www.nrl.com/news/2026/01/01/nrl-casualty-ward-how-your-club-is-shaping-heading-into-2026/,,,,New Zealand Warriors negative watch flag: Tanner Stowers-Smith. Watch next game odds.
2026-05-11T01:02:08.929466+00:00,2026,11,New Zealand Warriors,Mitch Barnett,MEDIUM,HIA,"Mitch Barnett (concussion, Round 11)",NRL Casualty Ward,https://www.nrl.com/news/2026/01/01/nrl-casualty-ward-how-your-club-is-shaping-heading-into-2026/,,,,New Zealand Warriors negative hia flag: Mitch Barnett. Watch next game odds.
2026-05-11T01:02:08.929466+00:00,2026,11,New Zealand Warriors,Ali Leiataua,MEDIUM,HIA,"Ali Leiataua (concussion, Round 11)",NRL Casualty Ward,https://www.nrl.com/news/2026/01/01/nrl-casualty-ward-how-your-club-is-shaping-heading-into-2026/,,,,New Zealand Warriors negative hia flag: Ali Leiataua. Watch next game odds.
2026-05-11T01:02:08.929466+00:00,2026,11,New Zealand Warriors,Wayde Egan,MEDIUM,HIA,"Wayde Egan (head knock, Round 11)",NRL Casualty Ward,https://www.nrl.com/news/2026/01/01/nrl-casualty-ward-how-your-club-is-shaping-heading-into-2026/,,,,New Zealand Warriors negative hia flag: Wayde Egan. Watch next game odds.
2026-05-11T01:02:08.929466+00:00,2026,11,New Zealand Warriors,Morgan Gannon,MEDIUM,HIA,"Morgan Gannon (concussion, Round 11)",NRL Casualty Ward,https://www.nrl.com/news/2026/01/01/nrl-casualty-ward-how-your-club-is-shaping-heading-into-2026/,,,,New Zealand Warriors negative hia flag: Morgan Gannon. Watch next game odds.
2026-05-11T01:02:08.929466+00:00,2026,11,New Zealand Warriors,Marata Niukore,MEDIUM,HIA,"Marata Niukore (concussion, Round 11)",NRL Casualty Ward,https://www.nrl.com/news/2026/01/01/nrl-casualty-ward-how-your-club-is-shaping-heading-into-2026/,,,,New Zealand Warriors negative hia flag: Marata Niukore. Watch next game odds.
2026-05-11T01:02:08.929466+00:00,2026,11,New Zealand Warriors,Jye Linnane,MEDIUM,WATCH,"Jye Linnane (knee, Round 11)",NRL Casualty Ward,https://www.nrl.com/news/2026/01/01/nrl-casualty-ward-how-your-club-is-shaping-heading-into-2026/,,,,New Zealand Warriors negative watch flag: Jye Linnane. Watch next game odds.
2026-05-11T01:02:08.929466+00:00,2026,11,New Zealand Warriors,Rocco Berry,MEDIUM,WATCH,"Rocco Berry (shoulder, Round 11-12)",NRL Casualty Ward,https://www.nrl.com/news/2026/01/01/nrl-casualty-ward-how-your-club-is-shaping-heading-into-2026/,,,,New Zealand Warriors negative watch flag: Rocco Berry. Watch next game odds.
2026-05-11T01:02:08.929466+00:00,2026,11,New Zealand Warriors,Haizyn Mellars,MEDIUM,WATCH,"Haizyn Mellars (hamstring, Round 13-14)",NRL Casualty Ward,https://www.nrl.com/news/2026/01/01/nrl-casualty-ward-how-your-club-is-shaping-heading-into-2026/,,,,New Zealand Warriors negative watch flag: Haizyn Mellars. Watch next game odds.
2026-05-11T01:02:08.929466+00:00,2026,11,New Zealand Warriors,Roger Tuivasa-Sheck,MEDIUM,AVAILABILITY,"Roger Tuivasa-Sheck (shoulder, TBC)",NRL Casualty Ward,https://www.nrl.com/news/2026/01/01/nrl-casualty-ward-how-your-club-is-shaping-heading-into-2026/,,,,New Zealand Warriors negative availability flag: Roger Tuivasa-Sheck. Watch next game odds.
2026-05-11T01:02:08.929466+00:00,2026,11,Gold Coast Titans,,MEDIUM,WATCH,Injury report: Flyer sidelined with knee complaint,Gold Coast Titans News,https://www.titans.com.au/news/,Sydney Roosters v Gold Coast Titans,Sydney Roosters,2026-05-08T18:00:00+10:00,Gold Coast Titans negative watch flag: player. Watch Sydney Roosters v Gold Coast Titans odds.
2026-05-11T01:02:08.929466+00:00,2026,11,New Zealand Warriors,Maxigesic Recovery Report,MEDIUM,WATCH,Maxigesic Recovery Report: RTS out with shoulder injury,New Zealand Warriors News,https://www.warriors.kiwi/news/,,,,New Zealand Warriors negative watch flag: Maxigesic Recovery Report. Watch next game odds.
2026-05-11T01:02:08.929466+00:00,2026,11,Canberra Raiders,The Knock-On Effect,LOW,WATCH,The Knock-On Effect NSW Cup Highlights | Round Ten - Raiders vs Panthers,Canberra Raiders News,https://www.raiders.com.au/news/,Canberra Raiders v Penrith Panthers,Penrith Panthers,2026-05-10T16:05:00+10:00,Canberra Raiders negative watch flag: The Knock-On Effect. Watch Canberra Raiders v Penrith Panthers odds.
2026-05-11T01:02:08.929466+00:00,2026,11,St. George Illawarra Dragons,On Effect NSW,LOW,WATCH,Knock-On Effect NSW Cup: Peckham-Harris double leads Dragons past Knights,St. George Illawarra Dragons News,https://www.dragons.com.au/news/,St. George Illawarra Dragons v Newcastle Knights,Newcastle Knights,2026-05-09T15:00:00+10:00,St. George Illawarra Dragons negative watch flag: On Effect NSW. Watch St. George Illawarra Dragons v Newcastle Knights odds.
