game_id,season,game_number,round_label,match_date,venue,attendance,source_url,team,opponent,team_side,result,points_for,points_against,margin,goals,behinds,scoring_shots,goal_accuracy,opponent_goals,opponent_behinds,opponent_scoring_shots,opponent_goal_accuracy,shot_diff,accuracy_diff,kicks,marks,handballs,disposals,hitouts,tackles,rebound_50s,inside_50s,clearances,clangers,frees_for,frees_against,contested_possessions,uncontested_possessions,contested_marks,marks_inside_50,one_percenters,bounces,goal_assists,inside_50_diff,clearance_diff,contested_possession_diff,marks_inside_50_diff,forward_efficiency,opponent_forward_efficiency,forward_efficiency_diff,unlucky_loss_score,unlucky_loss_flag
031920240308,2024,2,1,"Fri, 8-Mar-2024 6:40 PM",Gabba,33367,https://afltables.com/afl/stats/games/2024/031920240308.html,Brisbane Lions,Carlton Blues,team_a,loss,85,86,-1,12,13,25,0.48,13,8,21,0.619,4,-0.139,211,94,112,323,29,63,36,62,37,66,16,20,133,183,10,16,33,2,7,13,1,-8,9,0.4032,0.4286,-0.0254,17,1
042120240309,2024,4,1,"Sat, 9-Mar-2024 7:30 PM (6:30 PM)",Sydney Showground,21235,https://afltables.com/afl/stats/games/2024/042120240309.html,Collingwood Magpies,Greater Western Sydney Giants,team_b,loss,82,114,-32,11,16,27,0.4074,18,6,24,0.75,3,-0.3426,205,81,145,350,49,60,35,60,40,62,20,16,123,219,4,9,38,3,7,7,1,-11,-4,0.45,0.4528,-0.0028,9,1
051020240316,2024,7,2,"Sat, 16-Mar-2024 1:45 PM (12:45 PM)",M.C.G.,73805,https://afltables.com/afl/stats/games/2024/051020240316.html,Hawthorn Hawks,Essendon Bombers,team_b,loss,83,107,-24,11,17,28,0.3929,17,5,22,0.7727,6,-0.3798,201,95,138,339,35,44,33,57,31,51,11,18,122,212,12,19,42,9,9,6,-9,6,5,0.4912,0.4314,0.0598,16,1
081920240317,2024,13,2,"Sun, 17-Mar-2024 3:50 PM (5:50 PM)",Perth Stadium,40604,https://afltables.com/afl/stats/games/2024/081920240317.html,Brisbane Lions,Fremantle Dockers,team_b,loss,70,93,-23,10,10,20,0.5,14,9,23,0.6087,-3,-0.1087,226,112,119,345,42,55,34,56,34,57,21,20,118,224,11,10,50,4,8,8,-7,-7,-2,0.3571,0.4792,-0.1221,12,1
010920240322,2024,15,3,"Fri, 22-Mar-2024 7:10 PM (6:40 PM)",Adelaide Oval,44758,https://afltables.com/afl/stats/games/2024/010920240322.html,Adelaide Crows,Geelong Cats,team_a,loss,77,96,-19,11,11,22,0.5,14,12,26,0.5385,-4,-0.0385,232,95,135,367,52,66,39,66,47,58,18,9,139,213,7,9,56,1,7,13,9,3,-5,0.3333,0.4906,-0.1573,10,1
041920240328,2024,22,4,"Thu, 28-Mar-2024 6:30 PM",Gabba,34022,https://afltables.com/afl/stats/games/2024/041920240328.html,Brisbane Lions,Collingwood Magpies,team_a,loss,72,92,-20,10,12,22,0.4545,14,8,22,0.6364,0,-0.1819,210,89,146,356,49,53,29,56,42,72,20,30,134,218,8,6,51,2,8,13,8,1,-3,0.3929,0.5116,-0.1187,14,1
111320240330,2024,26,4,"Sat, 30-Mar-2024 7:00 PM (6:30 PM)",Adelaide Oval,38105,https://afltables.com/afl/stats/games/2024/111320240330.html,Port Adelaide Power,Melbourne Demons,team_a,loss,89,96,-7,13,11,24,0.5417,15,6,21,0.7143,3,-0.1726,211,72,140,351,30,67,30,66,52,61,24,25,142,197,9,14,38,3,7,21,15,2,7,0.3636,0.4667,-0.1031,21,1
071820240331,2024,27,4,"Sun, 31-Mar-2024 1:00 PM (12:00 PM)",Docklands,22991,https://afltables.com/afl/stats/games/2024/071820240331.html,West Coast Eagles,Western Bulldogs,team_b,loss,30,106,-76,3,12,15,0.2,16,10,26,0.6154,-11,-0.4154,195,86,114,309,29,53,35,51,37,56,19,14,128,175,14,11,49,3,3,0,9,-6,-4,0.2941,0.5098,-0.2157,9,1
091020240401,2024,29,4,"Mon, 1-Apr-2024 3:20 PM (2:20 PM)",M.C.G.,67020,https://afltables.com/afl/stats/games/2024/091020240401.html,Hawthorn Hawks,Geelong Cats,team_a,loss,70,106,-36,10,10,20,0.5,17,4,21,0.8095,-1,-0.3095,225,96,142,367,48,75,36,63,44,61,21,20,145,222,11,8,49,7,5,9,14,13,-4,0.3175,0.3889,-0.0714,12,1
152120240413,2024,41,6,"Sat, 13-Apr-2024 1:45 PM",Manuka Oval,12448,https://afltables.com/afl/stats/games/2024/152120240413.html,St Kilda Saints,Greater Western Sydney Giants,team_b,loss,79,80,-1,12,7,19,0.6316,11,14,25,0.44,-6,0.1916,226,106,130,356,30,67,35,52,43,53,20,9,132,213,6,14,34,6,7,4,12,11,-1,0.3654,0.5208,-0.1554,11,1
010320240413,2024,42,6,"Sat, 13-Apr-2024 4:35 PM",Docklands,46283,https://afltables.com/afl/stats/games/2024/010320240413.html,Carlton Blues,Adelaide Crows,team_a,loss,98,100,-2,14,14,28,0.5,16,4,20,0.8,8,-0.3,213,96,126,339,35,62,33,52,41,45,21,21,132,204,10,11,29,4,9,4,7,6,-7,0.5385,0.4167,0.1218,18,1
030920240427,2024,60,8,"Sat, 27-Apr-2024 4:35 PM",M.C.G.,87775,https://afltables.com/afl/stats/games/2024/030920240427.html,Carlton Blues,Geelong Cats,team_b,loss,105,118,-13,15,15,30,0.5,18,10,28,0.6429,2,-0.1429,218,93,150,368,44,65,27,66,44,39,14,10,139,222,8,15,33,4,9,21,6,19,-2,0.4545,0.6222,-0.1677,18,1
101620240428,2024,63,8,"Sun, 28-Apr-2024 4:00 PM",M.C.G.,38052,https://afltables.com/afl/stats/games/2024/101620240428.html,Hawthorn Hawks,Sydney Swans,team_a,loss,42,118,-76,5,12,17,0.2941,18,10,28,0.6429,-11,-0.3488,184,80,147,331,24,45,30,47,35,56,12,18,128,207,5,13,35,3,4,-3,5,18,-2,0.3617,0.56,-0.1983,11,1
011320240502,2024,64,9,"Thu, 2-May-2024 7:00 PM (7:30 PM)",Adelaide Oval,52106,https://afltables.com/afl/stats/games/2024/011320240502.html,Port Adelaide Power,Adelaide Crows,team_b,loss,48,78,-30,5,18,23,0.2174,12,6,18,0.6667,5,-0.4493,194,69,139,333,45,65,34,57,43,59,16,21,146,184,11,10,44,10,4,10,10,14,-1,0.4035,0.383,0.0205,17,1
031120240509,2024,73,10,"Thu, 9-May-2024 7:30 PM",M.C.G.,58472,https://afltables.com/afl/stats/games/2024/031120240509.html,Melbourne Demons,Carlton Blues,team_b,loss,76,77,-1,11,10,21,0.5238,12,5,17,0.7059,4,-0.1821,214,80,148,362,51,86,29,61,40,58,17,19,146,207,9,9,44,3,9,20,-2,-9,2,0.3443,0.4146,-0.0703,14,1
071620240523,2024,91,12,"Thu, 23-May-2024 7:30 PM",Docklands,27377,https://afltables.com/afl/stats/games/2024/071620240523.html,Western Bulldogs,Sydney Swans,team_a,loss,88,102,-14,12,16,28,0.4286,16,6,22,0.7273,6,-0.2987,222,101,145,367,34,54,29,60,38,57,13,14,138,230,11,13,54,2,9,14,5,33,2,0.4667,0.4783,-0.0116,19,1
092120240525,2024,95,12,"Sat, 25-May-2024 4:35 PM",Kardinia Park,30821,https://afltables.com/afl/stats/games/2024/092120240525.html,Geelong Cats,Greater Western Sydney Giants,team_a,loss,74,78,-4,11,8,19,0.5789,11,12,23,0.4783,-4,0.1006,215,95,152,367,32,60,31,57,37,59,14,19,140,210,12,11,35,2,7,15,-7,-3,-3,0.3333,0.5476,-0.2143,9,1
052020240602,2024,106,13,"Sun, 2-Jun-2024 4:00 PM",Carrara,21759,https://afltables.com/afl/stats/games/2024/052020240602.html,Essendon Bombers,Gold Coast Suns,team_b,loss,80,91,-11,11,14,25,0.44,14,7,21,0.6667,4,-0.2267,218,91,169,387,28,57,36,58,30,62,19,21,128,260,5,14,48,12,8,4,2,3,1,0.431,0.3889,0.0421,12,1
011420240606,2024,107,14,"Thu, 6-Jun-2024 7:00 PM (7:30 PM)",Adelaide Oval,37342,https://afltables.com/afl/stats/games/2024/011420240606.html,Adelaide Crows,Richmond Tigers,team_a,loss,71,79,-8,10,11,21,0.4762,12,7,19,0.6316,2,-0.1554,222,113,162,384,25,55,39,46,32,53,27,17,133,252,10,12,29,3,7,-6,-5,3,4,0.4565,0.3654,0.0911,11,1
102120240608,2024,109,14,"Sat, 8-Jun-2024 1:45 PM",York Park,11568,https://afltables.com/afl/stats/games/2024/102120240608.html,Greater Western Sydney Giants,Hawthorn Hawks,team_b,loss,79,85,-6,12,7,19,0.6316,12,13,25,0.48,-6,0.1516,194,85,154,348,47,57,37,49,40,70,24,24,138,209,10,9,41,3,8,-3,6,19,-6,0.3878,0.4808,-0.093,9,1
121820240608,2024,110,14,"Sat, 8-Jun-2024 2:35 PM (4:35 PM)",Perth Stadium,43276,https://afltables.com/afl/stats/games/2024/121820240608.html,West Coast Eagles,North Melbourne Kangaroos,team_a,loss,65,74,-9,8,17,25,0.32,11,8,19,0.5789,6,-0.2589,175,66,134,309,48,62,31,58,30,55,23,26,138,164,6,11,52,9,3,15,-18,-15,3,0.431,0.4419,-0.0109,19,1
030520240609,2024,113,14,"Sun, 9-Jun-2024 7:20 PM",M.C.G.,88510,https://afltables.com/afl/stats/games/2024/030520240609.html,Essendon Bombers,Carlton Blues,team_a,loss,70,96,-26,9,16,25,0.36,15,6,21,0.7143,4,-0.3543,201,84,165,366,48,79,26,60,33,51,25,15,120,243,7,14,50,5,8,19,-6,-15,4,0.4167,0.5122,-0.0955,18,1
041120240610,2024,114,14,"Mon, 10-Jun-2024 3:20 PM",M.C.G.,84659,https://afltables.com/afl/stats/games/2024/041120240610.html,Melbourne Demons,Collingwood Magpies,team_b,loss,51,89,-38,6,15,21,0.2857,14,5,19,0.7368,2,-0.4511,202,106,157,359,48,49,36,47,29,54,13,15,128,228,14,13,47,4,5,-3,-10,23,1,0.4468,0.38,0.0668,8,1
041220240616,2024,119,15,"Sun, 16-Jun-2024 1:00 PM",Docklands,38311,https://afltables.com/afl/stats/games/2024/041220240616.html,North Melbourne Kangaroos,Collingwood Magpies,team_a,loss,118,119,-1,19,4,23,0.8261,18,11,29,0.6207,-6,0.2054,228,101,140,368,36,62,30,51,40,65,14,24,145,218,10,16,28,1,12,3,2,3,5,0.451,0.6042,-0.1532,8,1
111220240622,2024,124,16,"Sat, 22-Jun-2024 7:30 PM",M.C.G.,28774,https://afltables.com/afl/stats/games/2024/111220240622.html,North Melbourne Kangaroos,Melbourne Demons,team_b,loss,67,70,-3,10,7,17,0.5882,11,4,15,0.7333,2,-0.1451,226,90,131,357,30,67,36,48,42,56,27,24,143,206,11,9,54,1,5,1,7,8,0,0.3542,0.3191,0.0351,10,1
081620240629,2024,129,17,"Sat, 29-Jun-2024 1:45 PM",S.C.G.,35477,https://afltables.com/afl/stats/games/2024/081620240629.html,Sydney Swans,Fremantle Dockers,team_a,loss,98,99,-1,14,14,28,0.5,15,9,24,0.625,4,-0.125,202,79,122,324,36,56,39,54,32,43,17,9,133,189,11,12,58,10,9,0,-10,5,-2,0.5185,0.4444,0.0741,10,1
122020240706,2024,138,18,"Sat, 6-Jul-2024 1:45 PM",Docklands,17781,https://afltables.com/afl/stats/games/2024/122020240706.html,Gold Coast Suns,North Melbourne Kangaroos,team_b,loss,83,87,-4,12,11,23,0.5217,13,9,22,0.5909,1,-0.0692,171,75,148,319,35,55,33,62,29,46,13,20,131,186,15,14,55,6,8,16,-16,4,1,0.371,0.4783,-0.1073,10,1
111820240707,2024,142,18,"Sun, 7-Jul-2024 1:10 PM",M.C.G.,32000,https://afltables.com/afl/stats/games/2024/111820240707.html,West Coast Eagles,Melbourne Demons,team_b,loss,58,112,-54,8,10,18,0.4444,17,10,27,0.6296,-9,-0.1852,169,82,111,280,34,54,30,49,35,43,12,12,104,174,10,15,39,6,6,0,5,-25,-6,0.3673,0.551,-0.1837,9,1
151620240707,2024,143,18,"Sun, 7-Jul-2024 3:20 PM",Docklands,30267,https://afltables.com/afl/stats/games/2024/151620240707.html,Sydney Swans,St Kilda Saints,team_b,loss,82,84,-2,11,16,27,0.4074,13,6,19,0.6842,8,-0.2768,224,97,137,361,40,41,28,54,30,49,19,11,132,221,7,12,46,9,8,13,1,8,1,0.5,0.4634,0.0366,18,1
051120240713,2024,150,19,"Sat, 13-Jul-2024 7:30 PM",M.C.G.,52866,https://afltables.com/afl/stats/games/2024/051120240713.html,Essendon Bombers,Melbourne Demons,team_b,loss,67,84,-17,10,7,17,0.5882,13,6,19,0.6842,-2,-0.096,250,101,161,411,43,70,35,56,32,67,19,14,135,258,7,13,46,3,6,7,-12,-7,5,0.3036,0.3878,-0.0842,9,1
142120240714,2024,152,19,"Sun, 14-Jul-2024 3:20 PM",M.C.G.,19040,https://afltables.com/afl/stats/games/2024/142120240714.html,Richmond Tigers,Greater Western Sydney Giants,team_a,loss,84,108,-24,12,12,24,0.5,17,6,23,0.7391,1,-0.2391,206,72,147,353,41,49,19,53,39,46,15,13,126,211,7,14,32,7,9,17,8,8,-4,0.4528,0.6389,-0.1861,15,1
010520240719,2024,154,20,"Fri, 19-Jul-2024 7:40 PM",Docklands,36020,https://afltables.com/afl/stats/games/2024/010520240719.html,Essendon Bombers,Adelaide Crows,team_a,loss,113,115,-2,17,11,28,0.6071,17,13,30,0.5667,-2,0.0404,215,89,161,376,40,66,36,60,42,54,20,15,146,218,13,13,49,16,11,7,2,14,4,0.4667,0.566,-0.0993,12,1
202120240720,2024,156,20,"Sat, 20-Jul-2024 1:45 PM",Sydney Showground,8013,https://afltables.com/afl/stats/games/2024/202120240720.html,Gold Coast Suns,Greater Western Sydney Giants,team_b,loss,50,89,-39,6,14,20,0.3,14,5,19,0.7368,1,-0.4368,182,70,163,345,40,52,33,66,43,61,20,10,131,214,9,14,57,3,3,19,13,4,1,0.303,0.4043,-0.1013,14,1
112120240727,2024,167,21,"Sat, 27-Jul-2024 7:30 PM",M.C.G.,16246,https://afltables.com/afl/stats/games/2024/112120240727.html,Melbourne Demons,Greater Western Sydney Giants,team_a,loss,83,85,-2,12,11,23,0.5217,13,7,20,0.65,3,-0.1283,212,89,118,330,28,57,39,49,36,53,13,15,137,190,7,9,43,1,9,-4,-2,-4,-2,0.4694,0.3774,0.092,9,1
121420240803,2024,174,22,"Sat, 3-Aug-2024 1:45 PM",Docklands,35861,https://afltables.com/afl/stats/games/2024/121420240803.html,Richmond Tigers,North Melbourne Kangaroos,team_b,loss,77,90,-13,10,17,27,0.3704,14,6,20,0.7,7,-0.3296,177,67,177,354,43,55,30,60,39,47,11,16,118,234,4,8,47,7,7,16,6,-6,-5,0.45,0.4545,-0.0045,18,1
030420240803,2024,177,22,"Sat, 3-Aug-2024 7:30 PM",M.C.G.,86879,https://afltables.com/afl/stats/games/2024/030420240803.html,Carlton Blues,Collingwood Magpies,team_b,loss,81,84,-3,11,15,26,0.4231,12,12,24,0.5,2,-0.0769,241,115,123,364,26,51,39,58,42,50,21,16,126,237,8,11,40,3,7,7,7,-4,0,0.4483,0.4706,-0.0223,8,1
151920240804,2024,180,22,"Sun, 4-Aug-2024 4:40 PM",Docklands,23053,https://afltables.com/afl/stats/games/2024/151920240804.html,St Kilda Saints,Brisbane Lions,team_a,loss,39,124,-85,5,9,14,0.3571,19,10,29,0.6552,-15,-0.2981,209,122,133,342,23,66,36,39,27,53,9,15,96,239,5,15,35,4,5,-16,-21,-43,3,0.359,0.5273,-0.1683,10,1
121820240810,2024,182,23,"Sat, 10-Aug-2024 1:45 PM",Bellerive Oval,6619,https://afltables.com/afl/stats/games/2024/121820240810.html,North Melbourne Kangaroos,West Coast Eagles,team_a,loss,97,102,-5,14,13,27,0.5185,15,12,27,0.5556,0,-0.0371,220,91,159,379,43,56,27,59,45,46,17,16,145,225,16,9,41,11,8,17,6,22,-4,0.4576,0.6429,-0.1853,13,1
192120240810,2024,183,23,"Sat, 10-Aug-2024 1:45 PM",Gabba,31364,https://afltables.com/afl/stats/games/2024/192120240810.html,Brisbane Lions,Greater Western Sydney Giants,team_a,loss,64,82,-18,8,16,24,0.3333,13,4,17,0.7647,7,-0.4314,220,104,122,342,48,36,31,52,37,44,19,19,131,208,10,12,32,3,4,6,-2,19,3,0.4615,0.3696,0.0919,19,1
052020240810,2024,185,23,"Sat, 10-Aug-2024 7:30 PM",Docklands,29401,https://afltables.com/afl/stats/games/2024/052020240810.html,Essendon Bombers,Gold Coast Suns,team_a,loss,86,87,-1,12,14,26,0.4615,13,9,22,0.5909,4,-0.1294,226,104,163,389,32,60,38,62,37,46,19,11,132,251,13,10,46,15,9,11,0,-14,2,0.4194,0.4314,-0.012,14,1
010720240811,2024,189,23,"Sun, 11-Aug-2024 3:40 PM (4:10 PM)",Adelaide Oval,39177,https://afltables.com/afl/stats/games/2024/010720240811.html,Western Bulldogs,Adelaide Crows,team_b,loss,72,111,-39,9,18,27,0.3333,17,9,26,0.6538,1,-0.3205,197,80,142,339,22,66,25,59,34,44,19,11,137,192,11,12,39,10,5,16,3,-7,-6,0.4576,0.6047,-0.1471,12,1
051620240816,2024,190,24,"Fri, 16-Aug-2024 7:40 PM",Docklands,33830,https://afltables.com/afl/stats/games/2024/051620240816.html,Essendon Bombers,Sydney Swans,team_a,loss,59,98,-39,8,11,19,0.4211,15,8,23,0.6522,-4,-0.2311,217,100,172,389,30,47,31,54,31,48,17,10,139,255,12,12,40,7,8,6,-1,20,2,0.3519,0.4792,-0.1273,11,1
142020240824,2024,202,25,"Sat, 24-Aug-2024 3:20 PM",M.C.G.,34557,https://afltables.com/afl/stats/games/2024/142020240824.html,Richmond Tigers,Gold Coast Suns,team_a,loss,66,94,-28,10,6,16,0.625,14,10,24,0.5833,-8,0.0417,211,98,161,372,27,65,35,60,43,66,15,23,137,234,8,8,34,9,7,11,5,7,-6,0.2667,0.4898,-0.2231,9,1
011620240824,2024,204,25,"Sat, 24-Aug-2024 7:40 PM",S.C.G.,36491,https://afltables.com/afl/stats/games/2024/011620240824.html,Adelaide Crows,Sydney Swans,team_b,loss,90,121,-31,13,12,25,0.52,18,13,31,0.5806,-6,-0.0606,183,71,174,357,44,51,29,50,38,60,19,12,133,218,7,18,37,2,13,3,4,15,6,0.5,0.6596,-0.1596,8,1
031520240825,2024,206,25,"Sun, 25-Aug-2024 3:20 PM",Docklands,43843,https://afltables.com/afl/stats/games/2024/031520240825.html,Carlton Blues,St Kilda Saints,team_a,loss,74,76,-2,11,8,19,0.5789,11,10,21,0.5238,-2,0.0551,226,104,147,373,23,69,31,50,39,53,15,17,125,239,5,8,47,9,8,7,5,-9,-4,0.38,0.4884,-0.1084,9,1
042120250309,2025,2,1,"Sun, 9-Mar-2025 3:20 PM (2:20 PM)",Sydney Showground,19248,https://afltables.com/afl/stats/games/2025/042120250309.html,Collingwood Magpies,Greater Western Sydney Giants,team_b,loss,52,104,-52,6,16,22,0.2727,15,14,29,0.5172,-7,-0.2445,209,87,143,352,47,39,38,55,40,67,15,24,139,200,9,9,34,4,3,1,4,21,1,0.4,0.537,-0.137,9,1
031420250313,2025,5,2,"Thu, 13-Mar-2025 7:30 PM (6:30 PM)",M.C.G.,80009,https://afltables.com/afl/stats/games/2025/031420250313.html,Carlton Blues,Richmond Tigers,team_b,loss,69,82,-13,9,15,24,0.375,13,4,17,0.7647,7,-0.3897,231,88,173,404,35,70,27,65,39,65,18,16,164,228,11,10,45,10,6,25,-4,21,3,0.3692,0.425,-0.0558,21,1
051020250314,2025,6,2,"Fri, 14-Mar-2025 7:40 PM (6:40 PM)",M.C.G.,80735,https://afltables.com/afl/stats/games/2025/051020250314.html,Essendon Bombers,Hawthorn Hawks,team_b,loss,85,111,-26,12,13,25,0.48,17,9,26,0.6538,-1,-0.1738,232,93,160,392,54,78,30,58,50,63,17,23,150,236,9,6,40,10,10,10,19,24,-10,0.431,0.5417,-0.1107,15,1
112120250316,2025,12,2,"Sun, 16-Mar-2025 3:20 PM (2:20 PM)",M.C.G.,23278,https://afltables.com/afl/stats/games/2025/112120250316.html,Melbourne Demons,Greater Western Sydney Giants,team_a,loss,74,77,-3,11,8,19,0.5789,11,11,22,0.5,-3,0.0789,233,84,158,391,51,60,40,56,36,59,26,19,150,235,7,5,54,3,4,4,-12,17,-2,0.3393,0.4231,-0.0838,9,1
091520250322,2025,18,3,"Sat, 22-Mar-2025 7:35 PM (6:35 PM)",Docklands,36663,https://afltables.com/afl/stats/games/2025/091520250322.html,Geelong Cats,St Kilda Saints,team_b,loss,91,98,-7,13,13,26,0.5,15,8,23,0.6522,3,-0.1522,188,81,133,321,43,75,37,52,37,56,17,14,145,175,15,10,46,3,10,-2,-7,7,-5,0.5,0.4259,0.0741,9,1
030720250328,2025,23,4,"Fri, 28-Mar-2025 7:40 PM (6:40 PM)",Docklands,44894,https://afltables.com/afl/stats/games/2025/030720250328.html,Carlton Blues,Western Bulldogs,team_a,loss,75,83,-8,11,9,20,0.55,12,11,23,0.5217,-3,0.0283,214,100,132,346,36,77,39,56,43,60,21,24,135,203,11,13,43,8,9,5,3,-6,4,0.3571,0.451,-0.0939,10,1
131520250406,2025,35,5,"Sun, 6-Apr-2025 2:50 PM (3:20 PM)",Adelaide Oval,34201,https://afltables.com/afl/stats/games/2025/131520250406.html,Port Adelaide Power,St Kilda Saints,team_a,loss,72,89,-17,10,12,22,0.4545,13,11,24,0.5417,-2,-0.0872,194,80,152,346,43,68,31,58,32,71,24,22,134,202,17,14,46,7,9,14,-9,1,8,0.3793,0.5455,-0.1662,11,1
070820250406,2025,36,5,"Sun, 6-Apr-2025 3:10 PM (5:10 PM)",Perth Stadium,41491,https://afltables.com/afl/stats/games/2025/070820250406.html,Western Bulldogs,Fremantle Dockers,team_b,loss,81,97,-16,12,9,21,0.5714,15,7,22,0.6818,-1,-0.1104,221,85,154,375,46,57,29,63,42,54,27,15,157,218,11,11,36,4,10,19,3,17,3,0.3333,0.5,-0.1667,17,1
051120250412,2025,42,6,"Sat, 12-Apr-2025 7:05 PM (7:35 PM)",Adelaide Oval,45039,https://afltables.com/afl/stats/games/2025/051120250412.html,Melbourne Demons,Essendon Bombers,team_a,loss,57,96,-39,8,9,17,0.4706,15,6,21,0.7143,-4,-0.2437,201,97,153,354,58,54,28,51,45,50,17,13,132,218,4,8,46,3,5,8,4,-5,-7,0.3333,0.4884,-0.1551,11,1
051820250418,2025,48,7,"Fri, 18-Apr-2025 4:10 PM (6:10 PM)",Perth Stadium,46080,https://afltables.com/afl/stats/games/2025/051820250418.html,West Coast Eagles,Essendon Bombers,team_a,loss,75,77,-2,11,9,20,0.55,11,11,22,0.5,-2,0.05,184,81,142,326,39,57,31,47,22,65,21,26,119,199,9,16,43,6,7,5,-15,2,4,0.4255,0.5238,-0.0983,10,1
142020250419,2025,51,7,"Sat, 19-Apr-2025 7:35 PM",Docklands,18423,https://afltables.com/afl/stats/games/2025/142020250419.html,Gold Coast Suns,Richmond Tigers,team_b,loss,69,80,-11,9,15,24,0.375,12,8,20,0.6,4,-0.225,183,78,150,333,42,61,30,62,36,61,21,23,123,209,11,13,43,6,5,20,5,-10,6,0.3871,0.4762,-0.0891,22,1
131620250420,2025,52,7,"Sun, 20-Apr-2025 3:20 PM",S.C.G.,36636,https://afltables.com/afl/stats/games/2025/131620250420.html,Sydney Swans,Port Adelaide Power,team_a,loss,77,85,-8,10,17,27,0.3704,13,7,20,0.65,7,-0.2796,202,61,180,382,41,42,40,61,46,62,28,20,156,214,5,9,48,20,5,8,13,46,-5,0.4426,0.3774,0.0652,21,1
091020250421,2025,54,7,"Mon, 21-Apr-2025 3:20 PM",M.C.G.,88746,https://afltables.com/afl/stats/games/2025/091020250421.html,Hawthorn Hawks,Geelong Cats,team_b,loss,79,86,-7,11,13,24,0.4583,12,14,26,0.4615,-2,-0.0032,203,91,171,374,52,83,33,55,34,58,24,15,119,245,11,18,30,16,8,9,1,1,3,0.4364,0.5652,-0.1288,12,1
040920250503,2025,69,9,"Sat, 3-May-2025 7:35 PM",M.C.G.,82514,https://afltables.com/afl/stats/games/2025/040920250503.html,Collingwood Magpies,Geelong Cats,team_a,loss,87,90,-3,12,15,27,0.4444,13,12,25,0.52,2,-0.0756,218,108,134,352,51,64,33,53,37,60,14,21,117,226,11,18,36,10,10,6,1,-13,9,0.5094,0.5319,-0.0225,9,1
040820250508,2025,73,10,"Thu, 8-May-2025 6:10 PM (8:10 PM)",Perth Stadium,47780,https://afltables.com/afl/stats/games/2025/040820250508.html,Fremantle Dockers,Collingwood Magpies,team_a,loss,83,97,-14,12,11,23,0.5217,15,7,22,0.6818,1,-0.1601,206,102,169,375,33,48,19,62,43,51,17,16,134,244,11,6,39,8,9,28,13,12,-8,0.371,0.6471,-0.2761,17,1
101120250510,2025,75,10,"Sat, 10-May-2025 1:20 PM",M.C.G.,50351,https://afltables.com/afl/stats/games/2025/101120250510.html,Melbourne Demons,Hawthorn Hawks,team_a,loss,56,91,-35,7,14,21,0.3333,13,13,26,0.5,-5,-0.1667,218,98,146,364,42,61,37,48,38,59,22,22,129,241,7,8,49,9,5,-2,11,12,-6,0.4375,0.52,-0.0825,11,1
051620250510,2025,76,10,"Sat, 10-May-2025 4:15 PM",Docklands,43799,https://afltables.com/afl/stats/games/2025/051620250510.html,Sydney Swans,Essendon Bombers,team_b,loss,63,71,-8,8,15,23,0.3478,11,5,16,0.6875,7,-0.3397,208,92,140,348,32,46,33,61,32,66,17,21,140,210,8,7,31,13,7,16,0,22,-3,0.377,0.3556,0.0214,19,1
011320250510,2025,78,10,"Sat, 10-May-2025 7:40 PM (8:10 PM)",Adelaide Oval,53117,https://afltables.com/afl/stats/games/2025/011320250510.html,Port Adelaide Power,Adelaide Crows,team_a,loss,84,89,-5,12,12,24,0.5,13,11,24,0.5417,0,-0.0417,204,74,144,348,38,59,26,62,56,60,19,20,148,194,6,13,69,6,6,21,27,13,1,0.3871,0.5854,-0.1983,13,1
092120250511,2025,80,10,"Sun, 11-May-2025 3:20 PM",Kardinia Park,28407,https://afltables.com/afl/stats/games/2025/092120250511.html,Geelong Cats,Greater Western Sydney Giants,team_a,loss,101,105,-4,14,17,31,0.4516,16,9,25,0.64,6,-0.1884,210,98,135,345,30,69,29,61,40,37,17,10,128,214,11,16,44,5,7,15,10,-7,5,0.5082,0.5435,-0.0353,21,1
010420250517,2025,84,11,"Sat, 17-May-2025 1:20 PM",M.C.G.,67697,https://afltables.com/afl/stats/games/2025/010420250517.html,Adelaide Crows,Collingwood Magpies,team_b,loss,68,78,-10,10,8,18,0.5556,11,12,23,0.4783,-5,0.0773,202,72,125,327,40,53,35,55,39,71,22,20,137,174,15,11,42,0,8,8,10,-2,-2,0.3273,0.4894,-0.1621,11,1
070920250522,2025,91,12,"Thu, 22-May-2025 7:30 PM",Kardinia Park,32641,https://afltables.com/afl/stats/games/2025/070920250522.html,Western Bulldogs,Geelong Cats,team_b,loss,113,127,-14,16,17,33,0.4848,20,7,27,0.7407,6,-0.2559,191,75,153,344,53,76,31,56,51,64,12,26,148,202,12,10,55,6,12,5,9,13,-5,0.5893,0.5294,0.0599,17,1
032120250524,2025,93,12,"Sat, 24-May-2025 12:35 PM",Docklands,36468,https://afltables.com/afl/stats/games/2025/032120250524.html,Carlton Blues,Greater Western Sydney Giants,team_a,loss,82,110,-28,12,10,22,0.5455,17,8,25,0.68,-3,-0.1345,201,77,157,358,31,53,30,58,42,52,26,14,154,206,13,8,35,5,11,11,4,38,-6,0.3793,0.5319,-0.1526,13,1
142120250531,2025,103,13,"Sat, 31-May-2025 4:15 PM",Sydney Showground,9770,https://afltables.com/afl/stats/games/2025/142120250531.html,Richmond Tigers,Greater Western Sydney Giants,team_b,loss,77,80,-3,10,17,27,0.3704,12,8,20,0.6,7,-0.2296,216,84,142,358,40,43,38,61,42,42,15,4,149,194,14,10,49,4,6,11,13,29,1,0.4426,0.4,0.0426,21,1
011620250531,2025,104,13,"Sat, 31-May-2025 7:35 PM",S.C.G.,35229,https://afltables.com/afl/stats/games/2025/011620250531.html,Sydney Swans,Adelaide Crows,team_a,loss,41,131,-90,5,11,16,0.3125,21,5,26,0.8077,-10,-0.4952,203,61,119,322,40,83,49,45,55,84,24,22,159,152,6,5,52,8,3,-25,13,11,0,0.3556,0.3714,-0.0158,8,1
111520250601,2025,105,13,"Sun, 1-Jun-2025 2:50 PM (3:20 PM)",Traeger Park,6721,https://afltables.com/afl/stats/games/2025/111520250601.html,Melbourne Demons,St Kilda Saints,team_a,loss,63,91,-28,7,21,28,0.25,14,7,21,0.6667,7,-0.4167,198,100,101,299,32,56,25,57,32,46,24,20,117,177,14,14,34,8,4,17,2,1,4,0.4912,0.525,-0.0338,18,1
011920250606,2025,108,14,"Fri, 6-Jun-2025 7:10 PM (7:40 PM)",Adelaide Oval,42921,https://afltables.com/afl/stats/games/2025/011920250606.html,Brisbane Lions,Adelaide Crows,team_b,loss,63,68,-5,8,15,23,0.3478,10,8,18,0.5556,5,-0.2078,235,73,140,375,49,63,37,60,55,61,20,26,157,219,8,7,51,1,6,13,19,13,1,0.3833,0.383,0.0003,19,1
121820250608,2025,112,14,"Sun, 8-Jun-2025 1:20 PM (3:20 PM)",Hands Oval,12715,https://afltables.com/afl/stats/games/2025/121820250608.html,West Coast Eagles,North Melbourne Kangaroos,team_b,loss,52,62,-10,6,16,22,0.2727,9,8,17,0.5294,5,-0.2567,181,66,131,312,29,81,31,63,24,59,26,16,141,172,11,12,50,4,4,22,-18,-3,5,0.3492,0.4146,-0.0654,18,1
041120250609,2025,114,14,"Mon, 9-Jun-2025 3:20 PM",M.C.G.,77761,https://afltables.com/afl/stats/games/2025/041120250609.html,Melbourne Demons,Collingwood Magpies,team_a,loss,71,72,-1,10,11,21,0.4762,11,6,17,0.6471,4,-0.1709,194,73,133,327,47,59,33,54,39,68,20,29,144,177,15,6,46,1,5,9,10,29,-3,0.3889,0.3778,0.0111,18,1
011020250613,2025,116,15,"Fri, 13-Jun-2025 7:40 PM",York Park,15129,https://afltables.com/afl/stats/games/2025/011020250613.html,Adelaide Crows,Hawthorn Hawks,team_b,loss,44,47,-3,5,14,19,0.2632,6,11,17,0.3529,2,-0.0897,231,72,106,337,50,74,46,59,44,84,24,26,157,158,15,3,54,5,3,7,5,12,0,0.322,0.3269,-0.0049,10,1
192120250614,2025,117,15,"Sat, 14-Jun-2025 1:20 PM",Gabba,30711,https://afltables.com/afl/stats/games/2025/192120250614.html,Brisbane Lions,Greater Western Sydney Giants,team_a,loss,96,107,-11,13,18,31,0.4194,17,5,22,0.7727,9,-0.3533,212,110,127,339,42,28,35,55,35,36,18,11,118,220,11,15,39,10,9,2,6,7,-3,0.5636,0.4151,0.1485,16,1
081220250614,2025,119,15,"Sat, 14-Jun-2025 5:35 PM (7:35 PM)",Perth Stadium,31408,https://afltables.com/afl/stats/games/2025/081220250614.html,North Melbourne Kangaroos,Fremantle Dockers,team_a,loss,67,73,-6,10,7,17,0.5882,10,13,23,0.4348,-6,0.1534,221,72,152,373,37,77,37,60,41,74,23,25,149,217,4,6,57,5,8,12,4,2,-2,0.2833,0.4792,-0.1959,9,1
111320250615,2025,120,15,"Sun, 15-Jun-2025 2:50 PM (3:20 PM)",Adelaide Oval,30144,https://afltables.com/afl/stats/games/2025/111320250615.html,Melbourne Demons,Port Adelaide Power,team_b,loss,68,93,-25,9,14,23,0.3913,14,9,23,0.6087,0,-0.2174,201,89,145,346,38,61,34,54,37,53,21,13,139,206,19,10,29,3,7,6,5,27,-6,0.4259,0.4792,-0.0533,10,1
031220250621,2025,124,16,"Sat, 21-Jun-2025 1:20 PM",M.C.G.,56236,https://afltables.com/afl/stats/games/2025/031220250621.html,Carlton Blues,North Melbourne Kangaroos,team_a,loss,73,84,-11,10,13,23,0.4348,13,6,19,0.6842,4,-0.2494,222,113,161,383,41,73,27,56,36,55,21,20,136,246,12,12,47,3,6,14,-2,9,2,0.4107,0.4524,-0.0417,14,1
202120250622,2025,127,16,"Sun, 22-Jun-2025 1:10 PM",Sydney Showground,10504,https://afltables.com/afl/stats/games/2025/202120250622.html,Gold Coast Suns,Greater Western Sydney Giants,team_b,loss,99,106,-7,14,15,29,0.4828,16,10,26,0.6154,3,-0.1326,191,54,207,398,56,64,28,68,42,47,24,15,155,230,10,11,38,7,10,24,5,21,5,0.4265,0.5909,-0.1644,23,1
031320250626,2025,129,17,"Thu, 26-Jun-2025 7:00 PM (7:30 PM)",Adelaide Oval,30381,https://afltables.com/afl/stats/games/2025/031320250626.html,Carlton Blues,Port Adelaide Power,team_b,loss,60,110,-50,8,12,20,0.4,16,14,30,0.5333,-10,-0.1333,173,59,120,293,24,58,37,43,35,52,28,21,117,165,5,11,43,3,5,-12,5,11,-5,0.4651,0.5455,-0.0804,11,1
071620250627,2025,130,17,"Fri, 27-Jun-2025 7:40 PM",S.C.G.,29246,https://afltables.com/afl/stats/games/2025/071620250627.html,Sydney Swans,Western Bulldogs,team_a,loss,96,105,-9,14,12,26,0.5385,16,9,25,0.64,1,-0.1015,211,91,144,355,52,78,30,50,38,55,22,16,135,211,10,13,40,10,9,4,3,23,-5,0.52,0.5435,-0.0235,11,1
030420250704,2025,137,18,"Fri, 4-Jul-2025 7:20 PM",M.C.G.,75827,https://afltables.com/afl/stats/games/2025/030420250704.html,Carlton Blues,Collingwood Magpies,team_a,loss,59,115,-56,8,11,19,0.4211,17,13,30,0.5667,-11,-0.1456,202,89,148,350,45,46,42,49,42,52,11,14,117,224,7,13,44,6,7,-11,9,-18,-3,0.3878,0.5,-0.1122,9,1
101520250705,2025,142,18,"Sat, 5-Jul-2025 7:40 PM",Docklands,36035,https://afltables.com/afl/stats/games/2025/101520250705.html,St Kilda Saints,Hawthorn Hawks,team_a,loss,74,94,-20,10,14,24,0.4167,14,10,24,0.5833,0,-0.1666,209,81,154,363,30,82,28,53,41,57,16,22,136,222,8,9,43,13,5,11,4,18,-5,0.4528,0.5714,-0.1186,14,1
031920250710,2025,145,19,"Thu, 10-Jul-2025 7:30 PM",Docklands,32898,https://afltables.com/afl/stats/games/2025/031920250710.html,Carlton Blues,Brisbane Lions,team_a,loss,66,103,-37,9,12,21,0.4286,15,13,28,0.5357,-7,-0.1071,190,69,154,344,45,59,46,45,37,62,20,25,144,196,9,18,42,2,7,-16,8,31,4,0.4667,0.459,0.0077,11,1
042020250711,2025,146,19,"Fri, 11-Jul-2025 7:40 PM",Carrara,22831,https://afltables.com/afl/stats/games/2025/042020250711.html,Collingwood Magpies,Gold Coast Suns,team_b,loss,63,69,-6,8,15,23,0.3478,10,9,19,0.5263,4,-0.1785,176,59,154,330,43,76,33,53,33,72,28,24,136,184,10,15,41,5,8,10,-13,-3,5,0.434,0.4419,-0.0079,17,1
010720250712,2025,147,19,"Sat, 12-Jul-2025 1:20 PM",Docklands,41198,https://afltables.com/afl/stats/games/2025/010720250712.html,Western Bulldogs,Adelaide Crows,team_a,loss,98,109,-11,15,8,23,0.6522,16,13,29,0.5517,-6,0.1005,214,88,139,353,33,51,36,55,43,62,18,25,142,205,10,9,45,7,10,3,8,11,-8,0.4182,0.5577,-0.1395,9,1
092120250712,2025,148,19,"Sat, 12-Jul-2025 4:15 PM",Sydney Showground,13349,https://afltables.com/afl/stats/games/2025/092120250712.html,Geelong Cats,Greater Western Sydney Giants,team_b,loss,85,111,-26,13,7,20,0.65,17,9,26,0.6538,-6,-0.0038,212,87,114,326,40,54,39,60,31,66,26,23,142,185,13,13,42,1,11,4,-12,0,3,0.3333,0.4643,-0.131,8,1
051420250712,2025,149,19,"Sat, 12-Jul-2025 7:35 PM",M.C.G.,52125,https://afltables.com/afl/stats/games/2025/051420250712.html,Essendon Bombers,Richmond Tigers,team_b,loss,37,46,-9,4,13,17,0.2353,6,10,16,0.375,1,-0.1397,206,86,143,349,40,56,40,55,33,52,22,16,117,220,7,8,30,20,0,9,2,-12,-2,0.3091,0.3478,-0.0387,11,1
081020250712,2025,150,19,"Sat, 12-Jul-2025 6:10 PM (8:10 PM)",Perth Stadium,49460,https://afltables.com/afl/stats/games/2025/081020250712.html,Hawthorn Hawks,Fremantle Dockers,team_b,loss,64,77,-13,9,10,19,0.4737,12,5,17,0.7059,2,-0.2322,208,64,157,365,51,78,39,51,39,72,18,23,156,202,9,8,46,3,6,0,-1,21,-2,0.3725,0.3333,0.0392,9,1
151620250713,2025,152,19,"Sun, 13-Jul-2025 3:15 PM",Docklands,29589,https://afltables.com/afl/stats/games/2025/151620250713.html,St Kilda Saints,Sydney Swans,team_a,loss,87,92,-5,13,9,22,0.5909,14,8,22,0.6364,0,-0.0455,215,89,141,356,23,73,34,56,34,66,27,29,136,215,10,9,44,14,8,8,-1,11,-5,0.3929,0.4583,-0.0654,8,1
052120250717,2025,154,20,"Thu, 17-Jul-2025 7:30 PM",Docklands,20347,https://afltables.com/afl/stats/games/2025/052120250717.html,Essendon Bombers,Greater Western Sydney Giants,team_a,loss,56,104,-48,7,14,21,0.3333,16,8,24,0.6667,-3,-0.3334,188,76,136,324,25,49,36,57,31,46,25,11,128,187,13,14,43,6,4,4,-10,-8,-2,0.3684,0.4528,-0.0844,9,1
031120250719,2025,158,20,"Sat, 19-Jul-2025 7:35 PM",M.C.G.,40869,https://afltables.com/afl/stats/games/2025/031120250719.html,Melbourne Demons,Carlton Blues,team_b,loss,70,78,-8,10,10,20,0.5,12,6,18,0.6667,2,-0.1667,235,104,150,385,38,44,38,58,34,78,21,29,145,227,15,9,51,1,7,8,-3,21,-1,0.3448,0.36,-0.0152,14,1
040820250720,2025,161,20,"Sun, 20-Jul-2025 3:15 PM",M.C.G.,62198,https://afltables.com/afl/stats/games/2025/040820250720.html,Collingwood Magpies,Fremantle Dockers,team_a,loss,78,79,-1,11,12,23,0.4783,12,7,19,0.6316,4,-0.1533,192,59,158,350,49,86,28,63,43,66,24,20,151,191,7,8,41,6,7,23,4,20,-1,0.3651,0.475,-0.1099,19,1
012020250720,2025,162,20,"Sun, 20-Jul-2025 4:10 PM (4:40 PM)",Adelaide Oval,44249,https://afltables.com/afl/stats/games/2025/012020250720.html,Gold Coast Suns,Adelaide Crows,team_b,loss,46,107,-61,6,10,16,0.375,16,11,27,0.5926,-11,-0.2176,192,83,142,334,42,55,30,52,38,72,22,28,114,213,8,8,43,8,2,6,1,-11,-1,0.3077,0.587,-0.2793,9,1
162120250725,2025,165,21,"Fri, 25-Jul-2025 7:50 PM",Sydney Showground,18536,https://afltables.com/afl/stats/games/2025/162120250725.html,Sydney Swans,Greater Western Sydney Giants,team_b,loss,58,102,-44,8,10,18,0.4444,15,12,27,0.5556,-9,-0.1112,184,73,150,334,36,64,37,44,41,58,18,24,123,212,7,3,48,10,6,-10,14,-8,-12,0.4091,0.5,-0.0909,9,1
111520250727,2025,171,21,"Sun, 27-Jul-2025 3:15 PM",Docklands,22570,https://afltables.com/afl/stats/games/2025/111520250727.html,Melbourne Demons,St Kilda Saints,team_b,loss,90,96,-6,13,12,25,0.52,15,6,21,0.7143,4,-0.1943,205,98,113,318,58,76,28,52,40,43,21,15,124,196,13,15,40,4,10,9,-1,0,1,0.4808,0.4884,-0.0076,14,1
161920250809,2025,184,23,"Sat, 9-Aug-2025 4:15 PM",Gabba,31424,https://afltables.com/afl/stats/games/2025/161920250809.html,Brisbane Lions,Sydney Swans,team_a,loss,90,92,-2,13,12,25,0.52,13,14,27,0.4815,-2,0.0385,244,121,133,377,29,42,39,65,40,57,16,17,104,254,7,10,45,4,10,13,19,-15,-8,0.3846,0.5192,-0.1346,11,1
010420250816,2025,195,24,"Sat, 16-Aug-2025 7:05 PM (7:35 PM)",Adelaide Oval,54283,https://afltables.com/afl/stats/games/2025/010420250816.html,Collingwood Magpies,Adelaide Crows,team_b,loss,56,59,-3,8,8,16,0.5,9,5,14,0.6429,2,-0.1429,211,76,128,339,36,85,28,71,52,61,18,25,137,189,9,10,46,1,6,34,14,-17,5,0.2254,0.3784,-0.153,20,1
041120250822,2025,200,25,"Fri, 22-Aug-2025 7:10 PM",M.C.G.,60611,https://afltables.com/afl/stats/games/2025/041120250822.html,Melbourne Demons,Collingwood Magpies,team_b,loss,76,82,-6,11,10,21,0.5238,11,16,27,0.4074,-6,0.1164,228,110,168,396,27,40,39,55,38,67,23,22,134,252,15,10,37,2,10,3,12,27,-9,0.3818,0.5192,-0.1374,9,1
011220250823,2025,202,25,"Sat, 23-Aug-2025 1:20 PM",Docklands,17494,https://afltables.com/afl/stats/games/2025/011220250823.html,North Melbourne Kangaroos,Adelaide Crows,team_a,loss,100,113,-13,15,10,25,0.6,17,11,28,0.6071,-3,-0.0071,214,94,160,374,36,61,30,52,48,54,28,17,142,228,13,9,36,9,9,4,21,29,-4,0.4808,0.5833,-0.1025,10,1
070820250824,2025,206,25,"Sun, 24-Aug-2025 3:15 PM",Docklands,44069,https://afltables.com/afl/stats/games/2025/070820250824.html,Western Bulldogs,Fremantle Dockers,team_a,loss,97,112,-15,14,13,27,0.5185,17,10,27,0.6296,0,-0.1111,203,81,148,351,45,61,38,55,42,56,12,17,145,199,16,12,39,10,11,-3,9,16,-2,0.4909,0.4655,0.0254,9,1
101920250824,2025,207,25,"Sun, 24-Aug-2025 7:20 PM",Gabba,32086,https://afltables.com/afl/stats/games/2025/101920250824.html,Hawthorn Hawks,Brisbane Lions,team_b,loss,79,89,-10,11,13,24,0.4583,11,23,34,0.3235,-10,0.1348,183,63,159,342,39,54,51,55,34,50,12,15,129,198,9,14,58,12,10,-8,-8,-13,3,0.4364,0.5397,-0.1033,8,1
102120250906,2025,210,Elimination Final,"Sat, 6-Sep-2025 3:15 PM",Sydney Showground,20634,https://afltables.com/afl/stats/games/2025/102120250906.html,Greater Western Sydney Giants,Hawthorn Hawks,team_a,loss,88,107,-19,13,10,23,0.5652,16,11,27,0.5926,-4,-0.0274,196,60,163,359,50,76,38,72,55,70,17,21,150,203,5,7,38,27,8,16,6,4,-1,0.3194,0.4821,-0.1627,10,1
082020250906,2025,211,Elimination Final,"Sat, 6-Sep-2025 5:35 PM (7:35 PM)",Perth Stadium,57507,https://afltables.com/afl/stats/games/2025/082020250906.html,Fremantle Dockers,Gold Coast Suns,team_a,loss,79,80,-1,12,7,19,0.6316,11,14,25,0.44,-6,0.1916,198,71,148,346,41,76,36,59,49,56,18,22,151,196,14,11,54,4,10,10,8,10,5,0.322,0.5102,-0.1882,16,1
