date,home_team,away_team,actual_margin,standard_home_delta,adjusted_home_delta,multiplier,adjustment_type,hard_done_by,lucky_winner,pregame_home_elo_v2,pregame_away_elo_v2,postgame_home_elo_v2,postgame_away_elo_v2
2024-03-03,Sydney Roosters,Brisbane Broncos,10.0,10.77,10.77,1.0,normal,,,1543.08,1569.9,1553.85,1559.13
2024-03-03,Manly-Warringah Sea Eagles,South Sydney Rabbitohs,12.0,11.155,11.155,1.0,normal,,,1483.81,1524.11,1494.96,1512.96
2024-03-07,Newcastle Knights,Canberra Raiders,-16.0,-9.94,-9.94,1.0,normal,,,1506.22,1508.32,1496.28,1518.26
2024-03-08,Melbourne Storm,Penrith Panthers,8.0,12.169,6.084,0.5,stat_reversal,Penrith Panthers,Melbourne Storm,1578.37,1654.94,1584.45,1648.86
2024-03-08,New Zealand Warriors,Cronulla-Sutherland Sharks,-4.0,-9.317,-4.659,0.5,stat_reversal,New Zealand Warriors,Cronulla-Sutherland Sharks,1505.5,1529.26,1500.84,1533.92
2024-03-09,Gold Coast Titans,St. George Illawarra Dragons,-24.0,-10.688,-10.688,1.0,normal,,,1431.67,1407.73,1420.98,1418.42
2024-03-09,Parramatta Eels,Canterbury-Bankstown Bulldogs,18.0,6.225,6.225,1.0,normal,,,1533.43,1395.45,1539.66,1389.22
2024-03-10,Dolphins,North Queensland Cowboys,-25.0,-8.44,-8.44,1.0,normal,,,1455.24,1509.87,1446.8,1518.31
2024-03-14,Brisbane Broncos,South Sydney Rabbitohs,10.0,8.679,8.679,1.0,normal,,,1559.13,1512.96,1567.81,1504.28
2024-03-15,Penrith Panthers,Parramatta Eels,8.0,6.957,6.957,1.0,normal,,,1648.86,1539.66,1655.81,1532.7
2024-03-15,Cronulla-Sutherland Sharks,Canterbury-Bankstown Bulldogs,19.0,6.061,6.061,1.0,normal,,,1533.92,1389.22,1539.98,1383.16
2024-03-16,Melbourne Storm,New Zealand Warriors,4.0,7.639,6.111,0.8,close_game_tension,New Zealand Warriors,Melbourne Storm,1584.45,1500.84,1590.57,1494.73
2024-03-16,North Queensland Cowboys,Newcastle Knights,1.0,9.367,9.367,1.0,normal,,,1518.31,1496.28,1527.68,1486.91
2024-03-16,Canberra Raiders,Wests Tigers,20.0,5.809,5.809,1.0,normal,,,1518.26,1363.1,1524.07,1357.29
2024-03-17,Dolphins,St. George Illawarra Dragons,38.0,9.185,9.185,1.0,normal,,,1446.8,1418.42,1455.98,1409.23
2024-03-17,Manly-Warringah Sea Eagles,Sydney Roosters,7.0,11.679,11.679,1.0,normal,,,1494.96,1553.85,1506.64,1542.17
2024-03-21,Penrith Panthers,Brisbane Broncos,22.0,7.52,7.52,1.0,normal,,,1655.81,1567.81,1663.33,1560.29
2024-03-22,Sydney Roosters,South Sydney Rabbitohs,42.0,8.914,8.914,1.0,normal,,,1542.17,1504.28,1551.09,1495.36
2024-03-22,New Zealand Warriors,Canberra Raiders,8.0,10.842,10.842,1.0,normal,,,1494.73,1524.07,1505.57,1513.23
2024-03-23,Wests Tigers,Cronulla-Sutherland Sharks,26.0,14.822,14.822,1.0,normal,,,1357.29,1539.98,1372.11,1525.16
2024-03-23,St. George Illawarra Dragons,North Queensland Cowboys,-22.0,-6.717,-6.717,1.0,normal,,,1409.23,1527.68,1402.52,1534.39
2024-03-23,Canterbury-Bankstown Bulldogs,Gold Coast Titans,32.0,11.084,11.084,1.0,normal,,,1383.16,1420.98,1394.25,1409.9
2024-03-24,Newcastle Knights,Melbourne Storm,2.0,12.898,10.318,0.8,close_game_tension,Melbourne Storm,Newcastle Knights,1486.91,1590.57,1497.23,1580.25
2024-03-24,Parramatta Eels,Manly-Warringah Sea Eagles,4.0,9.251,9.251,1.0,normal,,,1532.7,1506.64,1541.95,1497.39
2024-03-28,Sydney Roosters,Penrith Panthers,-6.0,-6.877,-6.877,1.0,normal,,,1551.09,1663.33,1544.21,1670.21
2024-03-29,Brisbane Broncos,North Queensland Cowboys,26.0,9.256,9.256,1.0,normal,,,1560.29,1534.39,1569.54,1525.14
2024-03-29,South Sydney Rabbitohs,Canterbury-Bankstown Bulldogs,4.0,7.169,7.169,1.0,normal,,,1495.36,1394.25,1502.53,1387.08
2024-03-30,Gold Coast Titans,Dolphins,-16.0,-8.681,-8.681,1.0,normal,,,1409.9,1455.98,1401.22,1464.67
2024-03-30,St. George Illawarra Dragons,Manly-Warringah Sea Eagles,8.0,12.665,10.132,0.8,close_game_tension,Manly-Warringah Sea Eagles,St. George Illawarra Dragons,1402.52,1497.39,1412.65,1487.26
2024-03-31,Cronulla-Sutherland Sharks,Canberra Raiders,14.0,9.657,9.657,1.0,normal,,,1525.16,1513.23,1534.81,1503.57
2024-03-31,New Zealand Warriors,Newcastle Knights,8.0,9.76,9.76,1.0,normal,,,1505.57,1497.23,1515.33,1487.47
2024-04-01,Parramatta Eels,Wests Tigers,-1.0,-14.533,-7.266,0.5,stat_reversal,Parramatta Eels,Wests Tigers,1541.95,1372.11,1534.68,1379.38
2024-04-04,Melbourne Storm,Brisbane Broncos,2.0,9.692,9.692,1.0,normal,,,1580.25,1569.54,1589.94,1559.85
2024-04-05,Newcastle Knights,St. George Illawarra Dragons,20.0,7.879,7.879,1.0,normal,,,1487.47,1412.65,1495.35,1404.77
2024-04-05,Canterbury-Bankstown Bulldogs,Sydney Roosters,4.0,14.237,14.237,1.0,normal,,,1387.08,1544.21,1401.32,1529.97
2024-04-06,Dolphins,Wests Tigers,10.0,7.593,7.593,1.0,normal,,,1464.67,1379.38,1472.26,1371.79
2024-04-06,Manly-Warringah Sea Eagles,Penrith Panthers,14.0,14.828,14.828,1.0,normal,,,1487.26,1670.21,1502.09,1655.38
2024-04-06,South Sydney Rabbitohs,New Zealand Warriors,-30.0,-9.632,-9.632,1.0,normal,,,1502.53,1515.33,1492.9,1524.96
2024-04-07,Canberra Raiders,Parramatta Eels,33.0,10.893,10.893,1.0,normal,,,1503.57,1534.68,1514.46,1523.79
2024-04-07,North Queensland Cowboys,Gold Coast Titans,13.0,6.577,6.577,1.0,normal,,,1525.14,1401.22,1531.72,1394.64
2024-04-11,Newcastle Knights,Sydney Roosters,-2.0,-9.007,-9.007,1.0,normal,,,1495.35,1529.97,1486.34,1538.98
2024-04-12,Brisbane Broncos,Dolphins,14.0,7.531,7.531,1.0,normal,,,1559.85,1472.26,1567.38,1464.73
2024-04-12,Melbourne Storm,Canterbury-Bankstown Bulldogs,2.0,5.048,5.048,1.0,normal,,,1589.94,1401.32,1594.99,1396.27
2024-04-13,South Sydney Rabbitohs,Cronulla-Sutherland Sharks,-12.0,-8.799,-8.799,1.0,normal,,,1492.9,1534.81,1484.1,1543.61
2024-04-13,Parramatta Eels,North Queensland Cowboys,7.0,10.228,8.182,0.8,close_game_tension,North Queensland Cowboys,Parramatta Eels,1523.79,1531.72,1531.97,1523.53
2024-04-13,New Zealand Warriors,Manly-Warringah Sea Eagles,0.0,-0.657,-0.657,1.0,normal,,,1524.96,1502.09,1524.31,1502.75
2024-04-14,Canberra Raiders,Gold Coast Titans,1.0,6.682,6.682,1.0,normal,,,1514.46,1394.64,1521.14,1387.96
2024-04-14,Wests Tigers,St. George Illawarra Dragons,-12.0,-9.054,-9.054,1.0,normal,,,1371.79,1404.77,1362.73,1413.82
2024-04-18,Sydney Roosters,Melbourne Storm,-6.0,-8.402,-6.721,0.8,report_context_tension,Sydney Roosters,Melbourne Storm,1538.98,1594.99,1532.26,1601.71
2024-04-19,Parramatta Eels,Dolphins,-28.0,-11.912,-11.912,1.0,normal,,,1531.97,1464.73,1520.06,1476.64
2024-04-19,St. George Illawarra Dragons,New Zealand Warriors,18.0,13.077,13.077,1.0,normal,,,1413.82,1524.31,1426.9,1511.23
2024-04-20,Brisbane Broncos,Canberra Raiders,24.0,8.677,8.677,1.0,normal,,,1567.38,1521.14,1576.06,1512.47
2024-04-20,Gold Coast Titans,Manly-Warringah Sea Eagles,-4.0,-6.811,-6.811,1.0,normal,,,1387.96,1502.75,1381.15,1509.56
2024-04-20,Penrith Panthers,Wests Tigers,16.0,3.13,3.13,1.0,normal,,,1655.38,1362.73,1658.51,1359.6
2024-04-21,Cronulla-Sutherland Sharks,North Queensland Cowboys,36.0,9.423,9.423,1.0,normal,,,1543.61,1523.53,1553.04,1514.11
2024-04-21,Canterbury-Bankstown Bulldogs,Newcastle Knights,24.0,12.536,12.536,1.0,normal,,,1396.27,1486.34,1408.8,1473.81
2024-04-25,Melbourne Storm,South Sydney Rabbitohs,34.0,6.739,6.739,1.0,normal,,,1601.71,1484.1,1608.45,1477.36
2024-04-25,St. George Illawarra Dragons,Sydney Roosters,-42.0,-7.057,-7.057,1.0,normal,,,1426.9,1532.26,1419.84,1539.31
2024-04-25,New Zealand Warriors,Gold Coast Titans,-3.0,-13.578,-6.789,0.5,stat_reversal,New Zealand Warriors,Gold Coast Titans,1511.23,1381.15,1504.44,1387.94
2024-04-26,Manly-Warringah Sea Eagles,Parramatta Eels,14.0,10.302,10.302,1.0,normal,,,1509.56,1520.06,1519.86,1509.76
2024-04-27,North Queensland Cowboys,Penrith Panthers,-6.0,-6.068,-3.034,0.5,stat_reversal,North Queensland Cowboys,Penrith Panthers,1514.11,1658.51,1511.08,1661.55
2024-04-27,Wests Tigers,Brisbane Broncos,-24.0,-4.468,-4.468,1.0,normal,,,1359.6,1576.06,1355.13,1580.53
2024-04-28,Canberra Raiders,Cronulla-Sutherland Sharks,-40.0,-8.838,-8.838,1.0,normal,,,1512.47,1553.04,1503.63,1561.87
2024-04-28,Dolphins,Newcastle Knights,-4.0,-10.081,-10.081,1.0,normal,,,1476.64,1473.81,1466.56,1483.89
2024-05-02,South Sydney Rabbitohs,Penrith Panthers,-30.0,-5.145,-5.145,1.0,normal,,,1477.36,1661.55,1472.22,1666.69
2024-05-03,Brisbane Broncos,Sydney Roosters,-22.0,-11.181,-11.181,1.0,normal,,,1580.53,1539.31,1569.35,1550.49
2024-05-03,Manly-Warringah Sea Eagles,Canberra Raiders,-2.0,-10.467,-8.373,0.8,close_game_tension,Manly-Warringah Sea Eagles,Canberra Raiders,1519.86,1503.63,1511.49,1512.0
2024-05-04,North Queensland Cowboys,Dolphins,-2.0,-11.274,-11.274,1.0,normal,,,1511.08,1466.56,1499.8,1477.83
2024-05-04,Gold Coast Titans,Melbourne Storm,-2.0,-4.387,-2.194,0.5,stat_reversal,Gold Coast Titans,Melbourne Storm,1387.94,1608.45,1385.74,1610.64
2024-05-04,Canterbury-Bankstown Bulldogs,Wests Tigers,8.0,8.467,8.467,1.0,normal,,,1408.8,1355.13,1417.27,1346.67
2024-05-05,Cronulla-Sutherland Sharks,St. George Illawarra Dragons,10.0,6.125,6.125,1.0,normal,,,1561.87,1419.84,1568.0,1413.72
2024-05-05,Newcastle Knights,New Zealand Warriors,6.0,10.591,10.591,1.0,normal,,,1483.89,1504.44,1494.48,1493.85
2024-05-09,Dolphins,Manly-Warringah Sea Eagles,6.0,10.966,8.772,0.8,close_game_tension,Manly-Warringah Sea Eagles,Dolphins,1477.83,1511.49,1486.61,1502.71
2024-05-10,Parramatta Eels,Brisbane Broncos,-16.0,-8.302,-8.302,1.0,normal,,,1509.76,1569.35,1501.46,1577.65
2024-05-10,Penrith Panthers,Canterbury-Bankstown Bulldogs,6.0,3.844,3.844,1.0,normal,,,1666.69,1417.27,1670.53,1413.43
2024-05-11,Melbourne Storm,Cronulla-Sutherland Sharks,-7.0,-11.221,-11.221,1.0,normal,,,1610.64,1568.0,1599.42,1579.22
2024-05-11,St. George Illawarra Dragons,South Sydney Rabbitohs,14.0,11.668,11.668,1.0,normal,,,1413.72,1472.22,1425.38,1460.55
2024-05-11,Wests Tigers,Newcastle Knights,-6.0,-5.985,-5.985,1.0,normal,,,1346.67,1494.48,1340.68,1500.47
2024-05-12,Gold Coast Titans,North Queensland Cowboys,2.0,13.17,13.17,1.0,normal,,,1385.74,1499.8,1398.91,1486.63
2024-05-12,Sydney Roosters,New Zealand Warriors,20.0,8.384,8.384,1.0,normal,,,1550.49,1493.85,1558.88,1485.47
2024-05-17,Manly-Warringah Sea Eagles,Brisbane Broncos,-1.0,-7.876,-7.876,1.0,normal,,,1502.71,1577.65,1494.84,1585.52
2024-05-17,Canberra Raiders,Canterbury-Bankstown Bulldogs,4.0,7.237,3.618,0.5,stat_reversal,Canterbury-Bankstown Bulldogs,Canberra Raiders,1512.0,1413.43,1515.62,1409.81
2024-05-18,South Sydney Rabbitohs,North Queensland Cowboys,-6.0,-9.251,-9.251,1.0,normal,,,1460.55,1486.63,1451.3,1495.88
2024-05-18,Cronulla-Sutherland Sharks,Sydney Roosters,8.0,9.415,9.415,1.0,normal,,,1579.22,1558.88,1588.64,1549.46
2024-05-18,Gold Coast Titans,Newcastle Knights,-4.0,-7.158,-7.158,1.0,normal,,,1398.91,1500.47,1391.75,1507.62
2024-05-19,Wests Tigers,Dolphins,-12.0,-6.031,-6.031,1.0,normal,,,1340.68,1486.61,1334.65,1492.64
2024-05-19,Melbourne Storm,Parramatta Eels,32.0,7.253,7.253,1.0,normal,,,1599.42,1501.46,1606.67,1494.2
2024-05-19,New Zealand Warriors,Penrith Panthers,2.0,14.874,14.874,1.0,normal,,,1485.47,1670.53,1500.34,1655.66
2024-05-23,Canterbury-Bankstown Bulldogs,St. George Illawarra Dragons,32.0,10.448,10.448,1.0,normal,,,1409.81,1425.38,1420.26,1414.94
2024-05-24,Manly-Warringah Sea Eagles,Melbourne Storm,6.0,13.112,13.112,1.0,normal,,,1494.84,1606.67,1507.95,1593.56
2024-05-24,North Queensland Cowboys,Wests Tigers,14.0,5.666,5.666,1.0,normal,,,1495.88,1334.65,1501.55,1328.99
2024-05-25,South Sydney Rabbitohs,Parramatta Eels,16.0,11.229,11.229,1.0,normal,,,1451.3,1494.2,1462.53,1482.98
2024-05-25,Cronulla-Sutherland Sharks,Penrith Panthers,-42.0,-8.094,-8.094,1.0,normal,,,1588.64,1655.66,1580.54,1663.75
2024-05-25,Canberra Raiders,Sydney Roosters,-28.0,-9.029,-9.029,1.0,normal,,,1515.62,1549.46,1506.59,1558.49
2024-05-26,New Zealand Warriors,Dolphins,4.0,9.778,9.778,1.0,normal,,,1500.34,1492.64,1510.12,1482.86
2024-05-26,Brisbane Broncos,Gold Coast Titans,-2.0,-15.063,-12.05,0.8,close_game_tension,Brisbane Broncos,Gold Coast Titans,1585.52,1391.75,1573.47,1403.8
2024-05-30,Parramatta Eels,Cronulla-Sutherland Sharks,12.0,12.737,12.737,1.0,normal,,,1482.98,1580.54,1495.71,1567.8
2024-05-31,Newcastle Knights,Canterbury-Bankstown Bulldogs,-30.0,-12.463,-12.463,1.0,normal,,,1507.62,1420.26,1495.16,1432.72
2024-06-01,Dolphins,Canberra Raiders,-1.0,-9.318,-7.454,0.8,close_game_tension,Dolphins,Canberra Raiders,1482.86,1506.59,1475.4,1514.05
2024-06-01,Penrith Panthers,St. George Illawarra Dragons,-12.0,-16.145,-16.145,1.0,normal,,,1663.75,1414.94,1647.61,1431.08
2024-06-02,Sydney Roosters,North Queensland Cowboys,-2.0,-11.624,-11.624,1.0,normal,,,1558.49,1501.55,1546.87,1513.17
2024-06-07,St. George Illawarra Dragons,Wests Tigers,42.0,7.143,7.143,1.0,normal,,,1431.08,1328.99,1438.23,1321.84
2024-06-08,Brisbane Broncos,Cronulla-Sutherland Sharks,-10.0,-10.163,-10.163,1.0,normal,,,1573.47,1567.8,1563.31,1577.97
2024-06-08,North Queensland Cowboys,New Zealand Warriors,-30.0,-10.088,-10.088,1.0,normal,,,1513.17,1510.12,1503.09,1520.21
2024-06-08,Gold Coast Titans,South Sydney Rabbitohs,-34.0,-8.326,-8.326,1.0,normal,,,1403.8,1462.53,1395.48,1470.85
2024-06-09,Penrith Panthers,Manly-Warringah Sea Eagles,10.0,6.184,6.184,1.0,normal,,,1647.61,1507.95,1653.79,1501.77
2024-06-09,Melbourne Storm,Newcastle Knights,8.0,7.241,7.241,1.0,normal,,,1593.56,1495.16,1600.8,1487.92
2024-06-10,Canterbury-Bankstown Bulldogs,Parramatta Eels,4.0,11.793,9.435,0.8,close_game_tension,Parramatta Eels,Canterbury-Bankstown Bulldogs,1432.72,1495.71,1442.16,1486.28
2024-06-13,Cronulla-Sutherland Sharks,Dolphins,-2.0,-12.869,-12.869,1.0,normal,,,1577.97,1475.4,1565.1,1488.27
2024-06-14,South Sydney Rabbitohs,Brisbane Broncos,10.0,12.6,12.6,1.0,normal,,,1470.85,1563.31,1483.45,1550.71
2024-06-14,Canberra Raiders,North Queensland Cowboys,-18.0,-10.315,-10.315,1.0,normal,,,1514.05,1503.09,1503.73,1513.4
2024-06-15,Parramatta Eels,Sydney Roosters,-10.0,-8.274,-8.274,1.0,normal,,,1486.28,1546.87,1478.0,1555.14
2024-06-15,New Zealand Warriors,Melbourne Storm,-14.0,-7.721,-7.721,1.0,normal,,,1520.21,1600.8,1512.49,1608.52
2024-06-15,Wests Tigers,Gold Coast Titans,8.0,12.088,6.044,0.5,stat_reversal,Gold Coast Titans,Wests Tigers,1321.84,1395.48,1327.89,1389.43
2024-06-16,Newcastle Knights,Penrith Panthers,-8.0,-5.558,-5.558,1.0,normal,,,1487.92,1653.79,1482.36,1659.35
2024-06-16,Manly-Warringah Sea Eagles,St. George Illawarra Dragons,16.0,8.191,8.191,1.0,normal,,,1501.77,1438.23,1509.96,1430.03
2024-06-21,Dolphins,Melbourne Storm,-6.0,-6.671,-6.671,1.0,normal,,,1488.27,1608.52,1481.6,1615.19
2024-06-22,South Sydney Rabbitohs,Manly-Warringah Sea Eagles,14.0,10.761,10.761,1.0,normal,,,1483.45,1509.96,1494.21,1499.2
2024-06-22,Sydney Roosters,Canterbury-Bankstown Bulldogs,18.0,6.858,6.858,1.0,normal,,,1555.14,1442.16,1562.0,1435.3
2024-06-22,Gold Coast Titans,New Zealand Warriors,60.0,13.401,13.401,1.0,normal,,,1389.43,1512.49,1402.84,1499.08
2024-06-23,Wests Tigers,Canberra Raiders,24.0,14.669,7.335,0.5,stat_reversal,Canberra Raiders,Wests Tigers,1327.89,1503.73,1335.22,1496.4
2024-06-28,Canterbury-Bankstown Bulldogs,Cronulla-Sutherland Sharks,1.0,13.571,6.786,0.5,stat_reversal,Cronulla-Sutherland Sharks,Canterbury-Bankstown Bulldogs,1435.3,1565.1,1442.08,1558.31
2024-06-29,Melbourne Storm,Canberra Raiders,10.0,6.708,6.708,1.0,normal,,,1615.19,1496.4,1621.9,1489.69
2024-06-29,Newcastle Knights,Parramatta Eels,8.0,9.875,9.875,1.0,normal,,,1482.36,1478.0,1492.24,1468.13
2024-06-29,New Zealand Warriors,Brisbane Broncos,16.0,11.475,11.475,1.0,normal,,,1499.08,1550.71,1510.56,1539.24
2024-06-30,Sydney Roosters,Wests Tigers,34.0,4.265,4.265,1.0,normal,,,1562.0,1335.22,1566.26,1330.96
2024-06-30,Penrith Panthers,North Queensland Cowboys,-10.0,-13.97,-13.97,1.0,normal,,,1659.35,1513.4,1645.38,1527.37
2024-06-30,St. George Illawarra Dragons,Dolphins,20.0,11.473,11.473,1.0,normal,,,1430.03,1481.6,1441.51,1470.13
2024-07-04,Parramatta Eels,South Sydney Rabbitohs,-16.0,-9.251,-9.251,1.0,normal,,,1468.13,1494.21,1458.88,1503.46
2024-07-05,Brisbane Broncos,Penrith Panthers,-8.0,-7.037,-7.037,1.0,normal,,,1539.24,1645.38,1532.2,1652.42
2024-07-05,Cronulla-Sutherland Sharks,Gold Coast Titans,-4.0,-14.198,-14.198,1.0,normal,,,1558.31,1402.84,1544.11,1417.03
2024-07-06,North Queensland Cowboys,Manly-Warringah Sea Eagles,-1.0,-10.809,-5.405,0.5,stat_reversal,North Queensland Cowboys,Manly-Warringah Sea Eagles,1527.37,1499.2,1521.97,1504.6
2024-07-06,Wests Tigers,Melbourne Storm,-12.0,-3.156,-3.156,1.0,normal,,,1330.96,1621.9,1327.8,1625.06
2024-07-06,Canterbury-Bankstown Bulldogs,New Zealand Warriors,1.0,11.946,5.973,0.5,stat_reversal,New Zealand Warriors,Canterbury-Bankstown Bulldogs,1442.08,1510.56,1448.06,1504.59
2024-07-07,Canberra Raiders,Newcastle Knights,-4.0,-9.927,-9.927,1.0,normal,,,1489.69,1492.24,1479.76,1502.16
2024-07-07,Sydney Roosters,St. George Illawarra Dragons,30.0,6.556,6.556,1.0,normal,,,1566.26,1441.51,1572.82,1434.95
2024-07-11,Dolphins,South Sydney Rabbitohs,8.0,10.957,5.478,0.5,stat_reversal,South Sydney Rabbitohs,Dolphins,1470.13,1503.46,1475.61,1497.99
2024-07-12,Cronulla-Sutherland Sharks,Wests Tigers,52.0,4.471,4.471,1.0,normal,,,1544.11,1327.8,1548.59,1323.33
2024-07-13,Brisbane Broncos,St. George Illawarra Dragons,-4.0,-12.728,-12.728,1.0,normal,,,1532.2,1434.95,1519.47,1447.68
2024-07-13,Gold Coast Titans,Parramatta Eels,8.0,11.199,11.199,1.0,normal,,,1417.03,1458.88,1428.23,1447.68
2024-07-14,Manly-Warringah Sea Eagles,Newcastle Knights,38.0,9.93,9.93,1.0,normal,,,1504.6,1502.16,1514.53,1492.23
2024-07-19,Canberra Raiders,New Zealand Warriors,2.0,10.713,5.357,0.5,stat_reversal,New Zealand Warriors,Canberra Raiders,1479.76,1504.59,1485.12,1499.23
2024-07-20,Melbourne Storm,Sydney Roosters,16.0,8.508,8.508,1.0,normal,,,1625.06,1572.82,1633.57,1564.31
2024-07-20,Newcastle Knights,Brisbane Broncos,-16.0,-9.218,-9.218,1.0,normal,,,1492.23,1519.47,1483.01,1528.69
2024-07-20,South Sydney Rabbitohs,Wests Tigers,14.0,5.358,5.358,1.0,normal,,,1497.99,1323.33,1503.34,1317.97
2024-07-21,North Queensland Cowboys,Canterbury-Bankstown Bulldogs,2.0,7.904,7.904,1.0,normal,,,1521.97,1448.06,1529.87,1440.15
2024-07-21,Manly-Warringah Sea Eagles,Gold Coast Titans,30.0,7.566,7.566,1.0,normal,,,1514.53,1428.23,1522.1,1420.67
2024-07-21,Penrith Panthers,Dolphins,2.0,5.309,4.247,0.8,close_game_tension,Dolphins,Penrith Panthers,1652.42,1475.61,1656.67,1471.36
2024-07-26,Parramatta Eels,Melbourne Storm,-18.0,-5.108,-3.576,0.7,margin_exaggeration,Parramatta Eels,Melbourne Storm,1447.68,1633.57,1444.1,1637.14
2024-07-26,New Zealand Warriors,Wests Tigers,12.0,5.21,5.21,1.0,normal,,,1499.23,1317.97,1504.44,1312.76
2024-07-27,Sydney Roosters,Manly-Warringah Sea Eagles,4.0,8.791,8.791,1.0,normal,,,1564.31,1522.1,1573.1,1513.3
2024-07-27,North Queensland Cowboys,Cronulla-Sutherland Sharks,8.0,10.538,10.538,1.0,normal,,,1529.87,1548.59,1540.41,1538.05
2024-07-27,Brisbane Broncos,Canterbury-Bankstown Bulldogs,-25.0,-12.495,-12.495,1.0,normal,,,1528.69,1440.15,1516.19,1452.65
2024-07-28,Canberra Raiders,South Sydney Rabbitohs,20.0,10.524,10.524,1.0,normal,,,1485.12,1503.34,1495.64,1492.82
2024-07-28,Dolphins,Gold Coast Titans,-7.0,-11.449,-11.449,1.0,normal,,,1471.36,1420.67,1459.91,1432.12
2024-07-28,St. George Illawarra Dragons,Penrith Panthers,-36.0,-4.619,-4.619,1.0,normal,,,1447.68,1656.67,1443.06,1661.28
2024-08-01,Wests Tigers,North Queensland Cowboys,-18.0,-4.248,-4.248,1.0,normal,,,1312.76,1540.41,1308.51,1544.66
2024-08-02,Dolphins,Sydney Roosters,-6.0,-6.853,-6.853,1.0,normal,,,1459.91,1573.1,1453.06,1579.96
2024-08-02,New Zealand Warriors,Parramatta Eels,-10.0,-11.719,-5.86,0.5,stat_reversal,New Zealand Warriors,Parramatta Eels,1504.44,1444.1,1498.58,1449.96
2024-08-03,Cronulla-Sutherland Sharks,South Sydney Rabbitohs,14.0,8.706,8.706,1.0,normal,,,1538.05,1492.82,1546.75,1484.11
2024-08-03,Melbourne Storm,St. George Illawarra Dragons,-2.0,-15.069,-7.535,0.5,stat_reversal,Melbourne Storm,St. George Illawarra Dragons,1637.14,1443.06,1629.61,1450.6
2024-08-03,Gold Coast Titans,Brisbane Broncos,28.0,12.374,12.374,1.0,normal,,,1432.12,1516.19,1444.49,1503.82
2024-08-04,Canterbury-Bankstown Bulldogs,Canberra Raiders,4.0,11.231,11.231,1.0,normal,,,1452.65,1495.64,1463.88,1484.41
2024-08-04,Penrith Panthers,Newcastle Knights,8.0,5.276,5.276,1.0,normal,,,1661.28,1483.01,1666.56,1477.74
2024-08-08,South Sydney Rabbitohs,Melbourne Storm,-12.0,-6.041,-6.041,1.0,normal,,,1484.11,1629.61,1478.07,1635.65
2024-08-09,Parramatta Eels,Penrith Panthers,-2.0,-4.465,-4.465,1.0,normal,,,1449.96,1666.56,1445.5,1671.03
2024-08-09,Gold Coast Titans,Cronulla-Sutherland Sharks,-44.0,-7.139,-7.139,1.0,normal,,,1444.49,1546.75,1437.35,1553.89
2024-08-10,St. George Illawarra Dragons,Canterbury-Bankstown Bulldogs,-18.0,-9.618,-9.618,1.0,normal,,,1450.6,1463.88,1440.98,1473.5
2024-08-10,North Queensland Cowboys,Brisbane Broncos,-24.0,-11.17,-11.17,1.0,normal,,,1544.66,1503.82,1533.49,1514.99
2024-08-10,Canberra Raiders,Manly-Warringah Sea Eagles,-22.0,-9.17,-9.17,1.0,normal,,,1484.41,1513.3,1475.24,1522.48
2024-08-11,Newcastle Knights,Wests Tigers,16.0,5.481,5.481,1.0,normal,,,1477.74,1308.51,1483.22,1303.03
2024-08-11,Dolphins,New Zealand Warriors,2.0,11.303,9.042,0.8,close_game_tension,New Zealand Warriors,Dolphins,1453.06,1498.58,1462.1,1489.54
2024-08-15,Penrith Panthers,Melbourne Storm,-2.0,-11.015,-8.812,0.8,close_game_tension,Penrith Panthers,Melbourne Storm,1671.03,1635.65,1662.21,1644.46
2024-08-16,Sydney Roosters,Parramatta Eels,24.0,6.312,6.312,1.0,normal,,,1579.96,1445.5,1586.27,1439.19
2024-08-16,Manly-Warringah Sea Eagles,New Zealand Warriors,14.0,9.055,9.055,1.0,normal,,,1522.48,1489.54,1531.53,1480.48
2024-08-17,Wests Tigers,South Sydney Rabbitohs,2.0,14.651,7.326,0.5,stat_reversal,South Sydney Rabbitohs,Wests Tigers,1303.03,1478.07,1310.36,1470.75
2024-08-17,North Queensland Cowboys,Canberra Raiders,38.0,8.339,8.339,1.0,normal,,,1533.49,1475.24,1541.83,1466.9
2024-08-17,Canterbury-Bankstown Bulldogs,Dolphins,20.0,9.672,9.672,1.0,normal,,,1473.5,1462.1,1483.17,1452.43
2024-08-18,Cronulla-Sutherland Sharks,Newcastle Knights,1.0,7.993,7.993,1.0,normal,,,1553.89,1483.22,1561.88,1475.23
2024-08-18,St. George Illawarra Dragons,Gold Coast Titans,16.0,9.896,9.896,1.0,normal,,,1440.98,1437.35,1450.87,1427.45
2024-08-22,Wests Tigers,Manly-Warringah Sea Eagles,8.0,15.626,15.626,1.0,normal,,,1310.36,1531.53,1325.98,1515.9
2024-08-23,Brisbane Broncos,Parramatta Eels,6.0,7.852,7.852,1.0,normal,,,1514.99,1439.19,1522.84,1431.33
2024-08-23,New Zealand Warriors,Canterbury-Bankstown Bulldogs,-16.0,-9.923,-9.923,1.0,normal,,,1480.48,1483.17,1470.56,1493.09
2024-08-24,South Sydney Rabbitohs,Newcastle Knights,-20.0,-9.871,-9.871,1.0,normal,,,1470.75,1475.23,1460.88,1485.1
2024-08-24,Melbourne Storm,Dolphins,42.0,4.975,4.975,1.0,normal,,,1644.46,1452.43,1649.43,1447.45
2024-08-24,Canberra Raiders,Penrith Panthers,4.0,15.096,7.548,0.5,stat_reversal,Penrith Panthers,Canberra Raiders,1466.9,1662.21,1474.45,1654.67
2024-08-25,St. George Illawarra Dragons,Cronulla-Sutherland Sharks,-28.0,-6.909,-6.909,1.0,normal,,,1450.87,1561.88,1443.96,1568.79
2024-08-25,Gold Coast Titans,Sydney Roosters,-26.0,-5.723,-5.723,1.0,normal,,,1427.45,1586.27,1421.73,1591.99
2024-08-29,North Queensland Cowboys,Melbourne Storm,8.0,13.002,6.501,0.5,stat_reversal,Melbourne Storm,North Queensland Cowboys,1541.83,1649.43,1548.33,1642.93
2024-08-30,Penrith Panthers,South Sydney Rabbitohs,22.0,4.937,4.937,1.0,normal,,,1654.67,1460.88,1659.6,1455.94
2024-08-30,Canterbury-Bankstown Bulldogs,Manly-Warringah Sea Eagles,-12.0,-9.344,-9.344,1.0,normal,,,1493.09,1515.9,1483.75,1525.25
2024-08-31,Cronulla-Sutherland Sharks,New Zealand Warriors,-2.0,-12.754,-12.754,1.0,normal,,,1568.79,1470.56,1556.04,1483.32
2024-08-31,Dolphins,Brisbane Broncos,34.0,12.136,12.136,1.0,normal,,,1447.45,1522.84,1459.59,1510.71
2024-08-31,Parramatta Eels,St. George Illawarra Dragons,4.0,10.363,10.363,1.0,normal,,,1431.33,1443.96,1441.7,1433.6
2024-09-01,Sydney Roosters,Canberra Raiders,-2.0,-13.26,-6.63,0.5,stat_reversal,Sydney Roosters,Canberra Raiders,1591.99,1474.45,1585.36,1481.08
2024-09-01,Newcastle Knights,Gold Coast Titans,22.0,8.196,8.196,1.0,normal,,,1485.1,1421.73,1493.29,1413.54
2024-09-05,Brisbane Broncos,Melbourne Storm,-38.0,-6.368,-6.368,1.0,normal,,,1510.71,1642.93,1504.34,1649.3
2024-09-06,South Sydney Rabbitohs,Sydney Roosters,-8.0,-6.438,-6.438,1.0,normal,,,1455.94,1585.36,1449.5,1591.8
2024-09-06,Wests Tigers,Parramatta Eels,-34.0,-6.787,-6.787,1.0,normal,,,1325.98,1441.7,1319.2,1448.49
2024-09-07,Penrith Panthers,Gold Coast Titans,6.0,3.904,3.904,1.0,normal,,,1659.6,1413.54,1663.51,1409.63
2024-09-07,Canterbury-Bankstown Bulldogs,North Queensland Cowboys,-38.0,-8.162,-8.162,1.0,normal,,,1483.75,1548.33,1475.58,1556.49
2024-09-07,St. George Illawarra Dragons,Canberra Raiders,-2.0,-8.642,-6.913,0.8,close_game_tension,St. George Illawarra Dragons,Canberra Raiders,1433.6,1481.08,1426.69,1487.99
2024-09-08,Newcastle Knights,Dolphins,8.0,9.033,9.033,1.0,normal,,,1493.29,1459.59,1502.33,1450.56
2024-09-08,Manly-Warringah Sea Eagles,Cronulla-Sutherland Sharks,-20.0,-9.116,-9.116,1.0,normal,,,1525.25,1556.04,1516.13,1565.16
2024-09-13,Penrith Panthers,Sydney Roosters,20.0,7.965,7.965,1.0,normal,,,1663.51,1591.8,1671.47,1583.83
2024-09-14,North Queensland Cowboys,Newcastle Knights,12.0,8.454,8.454,1.0,normal,,,1556.49,1502.33,1564.94,1493.87
2024-09-14,Melbourne Storm,Cronulla-Sutherland Sharks,27.0,7.624,7.624,1.0,normal,,,1649.3,1565.16,1656.92,1557.53
2024-09-15,Canterbury-Bankstown Bulldogs,Manly-Warringah Sea Eagles,-2.0,-8.838,-7.071,0.8,close_game_tension,Canterbury-Bankstown Bulldogs,Manly-Warringah Sea Eagles,1475.58,1516.13,1468.51,1523.2
2024-09-20,Cronulla-Sutherland Sharks,North Queensland Cowboys,8.0,10.213,10.213,1.0,normal,,,1557.53,1564.94,1567.74,1554.73
2024-09-21,Sydney Roosters,Manly-Warringah Sea Eagles,24.0,8.272,8.272,1.0,normal,,,1583.83,1523.2,1592.11,1514.93
2024-09-27,Melbourne Storm,Sydney Roosters,30.0,8.156,8.156,1.0,normal,,,1656.92,1592.11,1665.08,1583.95
2024-09-28,Penrith Panthers,Cronulla-Sutherland Sharks,20.0,7.1,7.1,1.0,normal,,,1671.47,1567.74,1678.57,1560.64
2024-10-06,Melbourne Storm,Penrith Panthers,-8.0,-9.612,-9.612,1.0,normal,,,1665.08,1678.57,1655.47,1688.18
